Name, Price, Ratings
"Acer Aspire Lite 13th Gen Intel Core i3-1305U Thin and Light Premium Laptop (Windows 11 Home/8 GB RAM/512GB SSD/36 WHR) AL15-53 with 39.62cm (15.6"") Full HD Display, Metal Body, Steel Gray, 1.59 KG","33,990",3.8
"HP 15, 13th Gen Intel Core i5-1334U, 16GB DDR4, 512GB SSD, (Win 11, Office 21, Silver, 1.59kg), Anti-Glare, 15.6-inch(39.6cm) FHD Laptop, Iris Xe Graphics, FHD Camera, Backlit KB, fd0316TU/fd0315TU","52,990",3.5
(Refurbished) Lenovo ThinkPad 8th Gen Intel Core i5 Thin & Light HD Laptop (16 GB DDR4 RAM/512 GB SSD/14 (35.6 cm) HD/Windows 11/MS Office/WiFi/Bluetooth 4.1/Webcam/Intel Graphics),"18,000",3.3
"HP Laptop 255 G9 AMD Ryzen 3 3250U Dual Core - (8GB/512GB SSD/AMD Radeon Graphics) Thin and Light Business Laptop/15.6"" (39.62cm)/Black/1.47 kg","24,600",3.7
"Lenovo IdeaPad Slim 1 Intel Core Celeron N4020 14"" HD Thin and Light Laptop (8GB/512GB SSD/Windows 11 Home/Office 21/1Yr Warranty/Cloud Grey/1.3Kg), 82V6009LIN","23,990",3.7
"HP 15S AMD Ryzen 5000 (16GB Ram/512GB SSD/Fhd/Windows 11/Ms Office 21/Backlit Keyboard/ 15.6"" (39.6 Cm)/Silver/2.21 Kg) Eq2305Au/Eq2182Au Laptop","38,990",4.0
"Lenovo V14 G3 Intel Core i5 12th Gen 1235U /16GB/512GB SSD/Intel UHD Graphics/Windows 11/ Thin and Light Business Laptop/14.0"" FHD Display/Iron Grey/1.57 kg","37,890",3.7
"Acer Aspire Lite AMD Ryzen 5-5625U Premium Thin and Light Laptop (16 GB RAM/512 GB SSD/Windows 11 Home) AL15-41, 39.62 cm (15.6"") Full HD Display, Metal Body, Steel Gray, 1.59 KG","33,490",3.9
"Acer Aspire 3 Laptop Intel Core Celeron N4500 Processor Laptop (8 GB LPDDR4X SDRAM/512 GB SSD/Win11 Home/38 WHR/HD Webcam) A325-45 with 39.63 cm (15.6"") HD Display, Pure Silver, 1.5 KG","23,990",3.3
"HP 15, 13th Gen Intel Core i5-1334U, 16GB DDR4, 512GB SSD, (Win 11, Office 21, Silver, 1.59kg), Anti-Glare, 15.6-inch(39.6cm) FHD Laptop, Iris Xe Graphics, FHD Camera, Backlit KB, fd0316TU/fd0315TU","52,990",3.5
"Acer Aspire Lite 12th Gen Intel Core i7-1255U Premium Metal Laptop (Windows 11 Home/16 GB RAM/512 GB SSD) AL15-52, 39.62cm (15.6"") Full HD Display, Metal Body, Steel Gray, 1.59 Kg","49,990",3.6
"Lenovo Yoga Slim 7 Aura Edition Intel Evo Core Ultra 7 258V (32GB RAM/1TB SSD/15(38.86cm)/Copilot+ PC/Windows 11/Office Home 2024/Grey/1.53Kg), 83HM004NIN AI Laptop","1,47,990",5.0
"Lenovo V15 AMD Ryzen 7 7730U 15.6"" (39.62cm) FHD 250 Nits Antiglare Thin and Light Laptop (16GB/512GB SSD/Windows 11/Iron Grey/1.65 Kg) Grey","39,999",4.3
"Lenovo V14 G4 (2024), AMD Ryzen 3 7320U Quad Core - (8GB/512GB SSD/AMD Radeon Graphics 610M/Windows 11) Thin and Light Business Laptop/14 FHD Display/Silver/1.47 kg/MS Office 2021","26,600",4.0
"(Refurbished) Dell Latitude 5320 Intel Core i5 11th Gen 13.3"" (33.8 cm) HD Touchscreen Laptop (8 GB DDR4 RAM|512 GB SSD|Intel Iris Xe Graphics)|Wi-Fi|Windows 11|Thin & Light Laptop|MS Office","28,999",5.0
"Dell Inspiron 3535, Windows 11 Home, AMD Ryzen 3 7320U Processor, (8GB RAM/512GB SSD/Window 11/Ms Office' 21/15.6""(39.62 Cm) FHD Display/15 Month Mcafee/Carbon Black/1.67Kg Thin & Light Laptop","29,990",4.0
"(Refurbished) Acer Travelmate P249 7th Gen Intel Core i3 Thin & Light HD Laptop (8 GB RAM|500 GB HDD|14"" (35.6 cm) HD|Windows 11|MS Office|WiFi|Bluetooth|Webcam|Intel Graphics)",NOT FOUND,NOT FOUND
"HP 15s, 12th Gen Intel Core i3-1215U, 8GB DDR4, 512GB SSD, (Win 11, Office 21, Silver, 1.69kg) Anti-glare, Micro-edge, 15.6-inch(39.6cm) FHD laptop, Intel UHD Graphics, HD camera, Backlit KB, fq5327tu","38,490",4.0
"HP 255 G10 AMD Ryzen 5 Quad Core 7520U Upto 4.3Ghz - (8 GB/512 GB SSD/Windows 11) 255 G10 Thin and Light Laptop (15.6 inch, Matt Silver, 1.45 kg)","31,990",5.0
"ASUS TUF Gaming A15, AMD Ryzen 7 7435Hs, 15.6-Inch, FHD 144Hz, Gaming Laptop (16GB RAM/512GB SSD/NVIDIA Geforce RTX 3050/Windows 11/48WHR/Graphite Black/2.3 Kg), FA506NCR-HN054W","63,990",4.0
"Dell 15 Thin & Light Laptop, Intel Core i5-1235U Processor/16GB DDR4 + 512GB SSD/Intel UHD Graphics/15.6"" (39.62cm) FHD Display/Win 11 + MSO'21/15 Month McAfee/Carbon Black/Spill Resistant KB/1.69kg","50,990",3.6
"Dell Inspiron 5430 Laptop, Intel Core i5-1335U Processor/ 8GB/ 512GB SSD/ 14.0"" (35.56cm) FHD+ Comfort View/Backlit KB/Windows 11+MSO'21/15 Month McAfee/Platinum Silver, Thunderbolt 4.0 Port,1.59kg","51,890",4.0
"Acer Aspire Lite 13th Gen Intel Core i3-1305U Thin and Light Premium Laptop (Windows 11 Home/8 GB RAM/512GB SSD/36 WHR) AL15-53 with 39.62cm (15.6"") Full HD Display, Metal Body, Steel Gray, 1.59 KG","33,990",3.8
"Acer [Smartchoice Aspire Lite AMD Ryzen 3 5300U Premium Thin and Light Laptop (Windows 11 Home/8 GB RAM/512 GB SSD) AL15-41 with 39.62 cm (15.6"") Full HD Display, Metal Body, Steel Gray, 1.6 KG","28,060",3.9
"Acer Aspire 3 Laptop Intel Core Celeron N4500 Processor Laptop (8 GB LPDDR4X SDRAM/256 GB SSD/Win11 Home/38 WHR/HD Webcam) A325-45 with 39.63 cm (15.6"") HD Display, Pure Silver, 1.5 KG","22,990",3.3
"ASUS Vivobook Go 14, Thin and Light Laptop, AMD Ryzen 3 7320U, 14"" (35.56 cm) FHD, (8 GB RAM/512GB SSD/Windows 11/Office 2021/42WHr /Black/1.38 kg), E1404FA-NK325WS","31,990",4.0
DELL Latitude 3440 Intel Core i3 12th Gen 1215U - (8GB/512 GB SSD/Intel UHD Graphics) Thin and Light Business Laptop/14 HD Display/Grey/1.5 kg,"31,000",3.6
"Lenovo IdeaPad Slim 3 13th Gen Intel Core i7-13620H 15.6"" (39.62cm) FHDIPS300 Nits Thin&Light Laptop (16GB/512GB SSD/Intel UHDGraphics/Win11/Office Home 2024/1YrADP Free/ARCTIC-Grey/1.6Kg), 83EM00GTIN","64,490",3.9
"HP 15, 12th Gen Intel Core i5-1235U, 16GB DDR4, 512GB SSD, (Win 11, Office 21, Silver, 1.69kg), Anti-Glare, 15.6-inch(39.6cm) FHD Laptop, Intel Iris Xe Graphics, HD Camera, Backlit Keyboard, fy5009tu","49,990",3.9
"HP 15 AMD Ryzen 3 7320U (8GB Ram/512GB SSD/Fhd/15.6"" (39.6 Cm)/Backlit Keyboard/Windows 11/Ms Office 21/1.59Kg/Silver) Fc0026Au Laptop","31,281",4.0
"Lenovo V15 Intel Celeron N4500 15.6"" (39.62 cm) FHD (1920x1080) Antiglare 250 Nits Thin and Light Laptop (8GB RAM/256GB SSD/Windows 11 Home/Black/1Y Onsite/1.7 kg), 82QYA00MIN","21,720",3.9
"HP 15s,12th Gen Intel Core i3-1215U, 8GB DDR4, 256GB SSD, Anti-Glare, Micro-Edge, 15.6-inch(39.6cm) FHD Laptop, Intel UHD Graphics, Full-Size KB (Win 11, Office 21, Silver, 1.69kg) fy5010tu","31,990",4.1
"FOLINHAM 14.1 Inch Laptop PC, 8GB RAM 512GB SSD Windows 11 Pro Notebook Computer, FHD 1920x1080 Display, Celeron Processor Up to 2.8GHz, USB 3.0, Type-C, Mini-HDMI, 2.4/5G WiFi, BT4.2, 7.6V/5000mAh","22,999",4.5
"FOLINHAM 15.6 inch Windows 11 Pro Laptop, 12GB LPDDR4 512GB SSD Notebook, 12th Gen Alder Lake-N100(Up to 3.4GHz), FHD(1920x1080) 16:9 IPS Laptops, 4K Video, 2.4G/5G WiFi, BT4.2, 7.6V/6500mAh","25,799",5.0
"HP Victus, AMD Ryzen 5 5600H, NVIDIA RTX 3050, 16GB DDR4, 512GB SSD (Win11, Office21, Blue, 2.37kg) 144Hz, 9MS, IPS, 15.6-inch(39.6cm) Gaming Laptop, Backlit kb, Enhanced Cooling, fb0106AX/Fb0112AX","60,990",4.1
"HP Laptop 250 G9 (2024), Intel Core i3 12th Gen 1215U - (16GB/512GB SSD/Intel Iris Xe Graphics/Windows 11 Pro) Thin and Light Business Laptop/15.6"" (39.62cm)/Silver/1.57 kg/MS Office 2021 Pro Plus","35,199",3.0
"ASUS VivoBook 15 (2022), Intel®Core™ i3-1215U 12th Gen, 15.6"" (39.62 cm) FHD, Thin and Light Laptop (8GB/512 SSD//Windows 11/Office 2021/Backlit KB/Cool Silver/1.7 kg), X1504ZA-NJ322WS","32,990",4.4
"HP 15s, 12th Gen Intel Core i3-1215U, 8GB DDR4, 512GB SSD, (Win 11, Office 21, Silver, 1.69kg), Anti-Glare, 15.6-inch (39.6cm) FHD Laptop, Intel UHD Graphics, HD Camera, Dual Speakers, fy5011TU","36,990",3.7
"Walker Thin & Light Laptop,14.1""(4GB RAM,128GB SSD)| FHD IPS Display 1920 * 1080 Resolution | Celeron Processor N4020 (Gemini Lake)| UHD Graphics 600|Webcam | Windows 11 Home | Champagne Gold","12,990",3.6
"Apple MacBook Air Laptop: Apple M1 chip, 13.3-inch/33.74 cm Retina Display, 8GB RAM, 256GB SSD Storage, Backlit Keyboard, FaceTime HD Camera, Touch ID. Works with iPhone/iPad; Space Grey","67,990",4.6
"Primebook 4G, 2024(New, WiFi+4G) Android Based MediaTek MT8788 - (PrimeOS) 4G SIM Slot, Thin and Light Laptop (11.6 Inch, 1.065 Kg, Type C, USB, HDMI, MicroSD) (4GB/64GB eMMC Storage, Black)","13,990",4.4
"Acer One 14 Business Laptop AMD Ryzen 3 3250U Processor (8GB RAM/256GB SSD/AMD Radeon Graphics/Windows 11 Home) Z2-493 with 35.56 cm (14.0"") HD Display","22,990",3.7
"Lenovo IdeaPad Slim 3 12th Gen Intel Core i5-12450H 15.6"" (39.6cm) FHD IPS Thin & Light Laptop (16GB/512GB SSD/Intel UHD Graphics/Win 11/MSO 21/Backlit KB/1 Yr ADP Free/Grey/1.6Kg), 83ER008DIN","52,750",3.8
"Dell [Smartchoice] Windows 11 Home, Intel Core i3-1215U, 12Th Gen (8GB RAM/512GB SSD/FHD/Window 11/Ms Office' 21/15""(38 Cm)/15 Month Mcafee/Black/1.69Kg Laptop","34,990",3.6
"Acer Aspire Lite 13th Gen Intel Core i3-1305U Thin and Light Premium Laptop (Windows 11 Home/8 GB RAM/512GB SSD/36 WHR) AL15-53 with 39.62cm (15.6"") Full HD Display, Metal Body, Steel Gray, 1.59 KG","33,990",3.8
"Lenovo Yoga Slim 7 Aura Edition Intel Evo Core Ultra 7 258V (32GB RAM/1TB SSD/15(38.86cm)/Copilot+ PC/Windows 11/Office Home 2024/Grey/1.53Kg), 83HM004NIN AI Laptop","1,47,990",5.0
"Acer Chromebook CB315-4H Intel Celeron N4500 (Chrome OS/8 GB RAM/128 GB/WiFi 6) 39.6 cm (15.6"") Full HD, Silver, 1.6 KG, 3 Months Google One AI Premium Plan with Gemini Advanced & 2TB Cloud Storage","18,990",3.6
HP 14s Core i3 12th Gen (8GB RAM/512GB SSD/FHD/14 (35.6 cm)/ Windows 11/ MS Office 21/Backlit Keyboard/Silver/1.46kg) dq5138TU Laptop,"37,990",4.1
"Lenovo V15 G4 AMD Athlon Silver 7120U Laptop 8GB LPDDR5 Ram, 512 GB SSD PCIe, Windows 11 Lifetime Validity,15.6"" FHD Screen, AMD Radeon 610M, Silver, 1 Year Brand Warranty","24,990",3.9
"HP 15, AMD Ryzen 3 7320U, 8GB LPDDR5, 512GB SSD, Anti-Glare, Micro-Edge, 15.6-inch (39.6 cm), FHD, AMD Radeon Graphics, 1080p HD Camera, (Win 11, Silver, 1.59 kg), fc0154AU","32,030",4.1
"ASUS Vivobook Go 15 (OLED) 2023, AMD Ryzen 5 7520U, 15.6""(39.62 cm) FHD OLED, Thin & Light Laptop (16GB/512GB SSD/Windows 11/Office 2021/Alexa Built-in/Backlit KB/Green Grey/1.63 kg), E1504FA-LK543WS","50,990",4.2
"HP Victus, 12th Gen Intel Core i5-12450H, NVIDIA RTX 2050, 16GB DDR4, 512GB SSD (Win11, Office21, Blue, 2.3kg) 144Hz, 9MS, IPS, 15.6-inch(39.6cm) Gaming Laptop, Enhanced Cooling, fa1227TX/fa1314TX","59,990",4.0
"HP 255 G10 AMD Ryzen 3 Quad Core 7320U - (8 GB DDR4/512 GB SSD/AMD Radeon Graphics),15.6 inch, Silver","26,399",2.0
"HP 15, 13th Gen Intel Core i3-1315U, 8GB DDR4, 512GB SSD, (Win 11, Office 21, Grey, 1.59kg), Anti-Glare, Micro-Edge,15.6-inch(39.6cm), FHD Laptop, Intel UHD Graphics, 1080p FHD Camera, fd0006TU","39,970",4.1
"Dell 15 Thin & Light Laptop, Windows 11 Home, Intel Core i5-1235U Processor, 8GB RAM + 512GB SSD, 15.6"" FHD Window 11 + Mso '21, 15 Month Mcafee, Spill-Resistant Keyboard, Black, 1.66Kg","45,990",3.4
"Lenovo [Smartchoice LOQ 12th Gen Intel Core i5-12450HX /39.6cm/ 144Hz 300Nits FHD Gaming Laptop (16GB/512GB SSD/Win 11/ RTX 3050 6GB Graphics/100% sRGB/MSO 21/3 Mon Game Pass/Grey/2.4Kg), 83GS003UIN","69,990",4.0
"HP Pavilion Plus, 13th Gen Intel Core i5-1335U, 16GB DDR5, 512GB SSD, (Win11, Office21, Silver, 1.44 kg),IPS, Anti-glare, 14-inch (35.6cm) WUXGA Laptop, Intel Iris Xe graphics, 5MP IR camera, ew0116TU","73,399",3.9
"Dell Inspiron 3530 13th Gen Laptop, Intel Core i3-1305U/8GB/512GB SSD/15.6"" (39.62cm) FHD WVA AG 120Hz 250 nits Narrow Border/Windows 11+MSO'21/McAfee 15 Month/Platinum Silver/1.62kg","37,990",3.7
"ASUS Vivobook Go 14, AMD Ryzen 3 7320U, Thin and Light Laptop, 14"" (35.56 cm) FHD, (8 GB RAM/512GB SSD/Windows 11/Office 2021/42WHr /Silver/1.38 kg), E1404FA-NK321WS","31,990",4.0
"HP 15s, 12th Gen Intel Core i5-1235U, 8GB DDR4, 512GB SSD, (Win 11, Office 21, Silver, 1.69kg), Anti-Glare, 15.6-inch(39.6cm) FHD Laptop, Intel UHD Graphics, HD Camera, Backlit Keyboard fy5008TU","45,990",3.9
"HP Pavilion 14, 12th Gen Intel Core i7-1255U, 16GB DDR4, 1TB SSD, (Win11, Office21, Silver,1.41 kg), IPS, Micro-edge, BrightView,14-inch (35.6cm) FHD Laptop, Intel Iris Xe graphics, HD camera,dv2015TU","75,690",4.0
"Dell Inspiron 3530 Thin & Light Laptop, 13th Gen Intel Core i3-1305U Processor, 8GB, 512GB SSD, 15.6"" (39.62cm) FHD 120Hz 250nits, Standard Keyboard, Windows 11+MSO'24 & 15 Month McAfee, Silver,1.62kg",NOT FOUND,NOT FOUND
"HP Victus, 13th Gen Intel Core i7-13620H, 6GB NVIDIA RTX 4050, 16GB DDR6, 1TB SSD (Win11, Office21, Silver, 2.3kg) 144Hz, IPS, 15.6-inch(39.6cm) Flicker-Free Gaming Laptop, Enhanced Cooling, fa1332TX","90,900",3.7
"HP Victus, 13th Gen Intel Core i7-13620H, 8GB NVIDIA RTX 4060, 16GB DDR4, 1TB SSD (Win11, Office21, Silver, 2.29kg), 144Hz, 9MS, IPS, 15.6-inch(39.6cm), FHD Gaming Laptop, Enhanced Cooling, fa1333TX","94,990",3.3
"Dell Inspiron 3530 13th Gen Laptop, Intel Core i3-1305U/8GB/512GB SSD/15.6"" (39.62cm) FHD WVA AG 120Hz 250 nits Narrow Border/Windows 11+MSO'21/McAfee 15 Month/Platinum Silver/1.62kg","41,990",3.8
"ASUS Vivobook S 15 OLED (2023), Intel Core EVO i5-13500H 13th Gen, 15.6"" (39.62 cm) 2.8K 120Hz OLED, Thin & Light Laptop (16GB/512GB SSD/Iris Xe/Win 11/Office 2021/75WHr/Blue/1.7 kg) S5504VA-MA541WS","75,690",3.4
"Acer AspireLite 13th Gen Intel Core i5-1334U Thin and Light Premium Laptop (Windows 11 Home/16 GB RAM/512GB SSD/MS Office) AL15-53 with 39.62cm (15.6"") Full HD Display,Metal Body,Steel Gray,1.59 KG","51,999",5.0
"Lenovo IdeaPad Slim 3 13th Gen Intel Core i7-13620H 15.6"" (39.62cm) FHDIPS300 Nits Thin&Light Laptop (16GB/512GB SSD/Intel UHDGraphics/Win11/Office Home 2024/1YrADP Free/ARCTIC-Grey/1.6Kg), 83EM00GTIN","64,490",3.9
"ASUS Vivobook 16"" FHD+ (1920 X 1200), 60Hz 300Nits, Core i5-12500H, (16GB RAM/512GB SSD/Intel Iris X? Graphics/Win 11/Office Home/Fingerprint/42Whr Battery/Transparent Silver/1.88Kg), X1605ZAC-MB541WS","53,990",3.9
"Acer Predator Helios Neo 16 Gaming Laptop 14th Gen Intel Core i9 Processor (Windows 11 Home/16 GB/1 TB SSD/NVIDIA GeForce RTX 4070) PHN16-72 with 40.64 cm (16"") WQXGA Display","1,69,990",4.0
"Lenovo LOQ 2024 AMD Ryzen 7 7435HS | NVIDIA RTX 4060 8GB (24GB RAM/512GB SSD/15.6"" (39.6cm)/Windows 11/Office Home 2024/100% sRGB/3 Mon. Game Pass/Grey/2.4Kg), 83JC00EHIN Gaming Laptop","90,490",4.1
"Lenovo IdeaPad Slim 1 AMD Ryzen 5 5500U 15.6"" HD Thin and Light Laptop (16GB/512GB SSD/Integrated AMD Graphics/Windows 11 Home/MSO 21/1Yr ADP Free/Cloud Grey/1.61Kg), 82R400ERIN","40,990",3.9
"Lenovo IdeaPad Slim 3 12th Gen Intel Core i5-12450H (16GB RAM/512GB SSD/FHD/14 (35.5cm)/Windows 11/Office Home 2024/Alexa Built-in/3 mon. Game Pass/Grey/1.37Kg), 83EQ0072IN Laptop","54,390",3.9
"Lenovo V15 AMD Ryzen 3 7320U 15.6"" (39.62cm) FHD 250 Nits Antiglare Thin and Light Laptop (8GB/512GB SSD/Windows 11/Arctic Grey/1.65 Kg), 82YU00W7IN","26,500",3.8
"Dell 15 Thin & Light Laptop, Windows 11 Home, Intel Core i5-1235U Processor, 8GB RAM + 512GB SSD, 15.6"" FHD Window 11 + Mso '21, 15 Month Mcafee, Spill-Resistant Keyboard, Black, 1.66Kg","45,990",3.4
"HP Victus, AMD Ryzen 5 5600H, AMD Radeon RX 6500 Graphics, 8GB DDR4, 512GB SSD, IPS, 15.6-inch(39.6cm) FHD Gaming Laptop, Enhanced Cooling (Win 11, Office 21, Blue, 2.37kg) fb0147AX","49,990",3.5
"Dell Vostro 15 3520 Laptop - 15.6 inch (39.62cm) FHD Display, Intel Core i3-1215U, 8 GB RAM, 512 GB SSD, Titan Grey, 1.69Kg, Ideal for Digital Nomads, Perfect for Productivity and Collaboration","32,490",3.8
"Lenovo Yoga Slim 7 Aura Edition Intel Evo Core Ultra 7 258V (32GB RAM/1TB SSD/15(38.86cm)/Copilot+ PC/Windows 11/Office Home 2024/Grey/1.53Kg), 83HM004NIN AI Laptop","1,47,990",5.0
"Lenovo V15 G4 2024 Smart Laptop, AMD Ryzen 5 7520U 15.6 inch FHD Display, AMD Graphics, 8 GB DDR5 5500Mhz Ram, 512GB SSD NVMe, Windows 11, MS-Office, Dolby Audio, Arctic Grey, 1 Year Warranty","31,980",3.6
"ASUS Vivobook 15, Intel Core i5-12500H 12th Gen,Thin and Light Laptop,15.6"" (39.62 cm) FHD, (8GB RAM/512GB/Windows11/Office 2021/Blue/1.7 kg), X1502ZA-EJ523WS","48,990",4.0
"HP [Smart Choice Omen Gaming Laptop, AMD Ryzen 7 7840Hs, 8GB RTX 4060 GPU, 16.1""(40.9 Cm), FHD, IPS, 165 Hz, 300 Nits, 16GB DDR5, 1Tb SSD, RGB Kb, 7Ms Response Time (Win 11, Black, 2.32 Kg),Xd0020Ax","1,11,490",3.9
"FOLINHAM 14.1 Inch Laptop PC, 8GB RAM 512GB SSD Windows 11 Pro Notebook Computer, FHD 1920x1080 Display, Celeron Processor Up to 2.8GHz, USB 3.0, Type-C, Mini-HDMI, 2.4/5G WiFi, BT4.2, 7.6V/5000mAh","22,999",4.5
"Zebronics NC5500D Powerful Laptop Cooler with Dual 125mm Fans, Silent Operation, Adjustable Fan Speed, Display, Controls, USB, 5 Step Retractable Stand and Mobile Holder",799,3.9
"Acer Aspire Lite 13th Gen Intel Core i3-1305U Thin and Light Premium Laptop (Windows 11 Home/8 GB RAM/256 GB SSD/36 WHR) AL15-53 with 39.62cm (15.6"") Full HD Display, Metal Body, Steel Gray, 1.59 KG",NOT FOUND,NOT FOUND
"HP Victus Gaming Laptop, AMD Ryzen 5 5600H, 4GB AMD Radeon RX 6500M Graphics, 15.6-inch (39.6 cm), FHD, IPS, 144Hz, 16GB DDR4, 512GB SSD, Backlit KB, B&O, 9ms Response time (Blue, 2.37 kg), fb0134AX","52,980",4.1
"Dyazo 6 Angles Adjustable Aluminum Ergonomic Foldable Portable Tabletop Laptop/Desktop Riser Stand Holder Compatible for MacBook, HP, Dell, Lenovo & All Other Notebook (Silver)",399,4.3
"HP 15, 12th Gen Intel Core i5-1235U, 16GB DDR4, 512GB SSD, (Win 11, Office 21, Silver, 1.69kg), Anti-Glare, 15.6-inch(39.6cm) FHD Laptop, Intel Iris Xe Graphics, HD Camera, Backlit Keyboard, fy5009tu","49,990",3.9
"Lenovo IdeaPad Slim 1 AMD Ryzen 5 5500U 15.6"" HD Thin and Light Laptop (16GB/512GB SSD/Integrated AMD Graphics/Windows 11 Home/MSO 21/1Yr ADP Free/Cloud Grey/1.61Kg), 82R400ERIN","40,990",3.9
"Dell {Smartchoice} G15-5530 Core i5-13450HX| NVIDIA RTX 3050, 6GB (16GB RAM|1TB SSD, FHD|Window 11|MS Office' 21|15.6"" (39.62cm)|Dark Shadow Grey|2.65Kg|Gaming Laptop","78,990",4.0
"Dell Inspiron 3535, Windows 11 Home, AMD Ryzen 3 7320U Processor, (8GB RAM/512GB SSD/Window 11/Ms Office' 21/15.6""(39.62 Cm) FHD Display/15 Month Mcafee/Carbon Black/1.67Kg Thin & Light Laptop","29,990",4.0
"Acer Aspire Lite 13th Gen Intel Core i5-1334U Thin and Light Premium Laptop (Windows 11 Home/16 GB RAM/512GB SSD/36 WHR) AL15-53 with 39.62cm (15.6"") Full HD Display, Metal Body, Steel Gray, 1.59 KG",NOT FOUND,NOT FOUND
"Chuwi FreeBook 13.5 Inch 2 in 1 Touchscreen Laptop,Flipped 360 Degree, Windows 11,Intel Core i3-1215U 12th gen, 46.2Wh, 12 GB RAM LPDDR4 512 GB SSD Expandable Upto 1 TB, Backlit Keyboard","37,990",3.7
"Cable World® Educational Laptop Computer Toy for Kids Above 3 Years - 20 Fun Activity Learning Machine, Now Learn Letter, Words, Games, Mathematics, Music, Logic, Memory Tool",739,3.9
"Tygot 6 Angles Adjustable Aluminum Ergonomic Foldable Portable Tabletop Laptop/Desktop Riser Stand Holder Compatible for MacBook, HP, Dell, Lenovo & All Other Notebook (Grey)",299,4.6
AIR EDU11ONE Notebook/Laptop Intel N4020 4 GB RAM 128 GB SSD with Windows 11 RED,NOT FOUND,NOT FOUND
"Lenovo Tab Plus with Octa JBL Hi-Fi Speakers| 8 GB RAM, 256 GB ROM| 11.5 Inch, 2K, 90 Hz Refresh| Wi-Fi Tablet| Android 14| 45 W Fast Charger| Built-in Kickstand| Color: Luna Grey","22,998",4.3
STRIFF Adjustable Laptop Tabletop Stand Patented Riser Ventilated Portable Foldable Compatible with MacBook Notebook Tablet Tray Desk Table Book with Free Phone Stand (Black),249,4.3
"Amazon Basics USB Powered Laptop Cooling Pad | 6 Fans | RGB Lights | 5 Adjustable Heights with Stand | Phone Holder | Upto 17"" Laptops",579,3.9
"Dell Inspiron 3530 Thin & Light Laptop, 13th Gen Intel Core i3-1305U/8GB/512GB SSD/15.6"" (39.62cm) 120Hz Refresh Rate on a FHD IPS Display/Windows 11 + MSO'21+McAfee 15 Month/Carbon Black/1.62kg","38,490",3.7
"Lenovo IdeaPad Slim 3 12th Gen Intel Core i5-12450H (16GB RAM/512GB SSD/FHD/14 (35.5cm)/Windows 11/Office Home 2024/Alexa Built-in/3 mon. Game Pass/Grey/1.37Kg), 83EQ0072IN Laptop","54,390",3.9
"ARZOPA 15.6'' FHD 1080P Portable Monitor with Kickstand,60Hz Ultra-Slim Portable Laptop Monitor with Speaker- IPS Eye Care Display for PC, MacBook, Mobile, Xbox, PS5 - USB C & HDMI Connectivity","12,899",4.4
"Cable World® Educational Laptop Computer Toy for Kids Above 3 Years - 20 Fun Activity Learning Machine, Now Learn Letter, Words, Games, Mathematics, Music, Logic, Memory Tool",759,3.9
"Microsoft New Surface Pro9 13"" Intel Evo 12 Gen I7 / 32Gb / 1Tb Platinum with Windows 11 Home, 365 Family 30-Day Trial,Xbox Game Pass Ultimate 30-Day Trial Bluetooth;Wi-Fi;NFC Platinum","2,61,990",3.4
"Samsung Galaxy Book2 Pro Intel 12th Gen i7 EvoTM 33.78cm (13.3"") AMOLED Thin & Light Laptop (16 GB/512 GB SSD/Windows 11/MS Office/Backlit KB/Fingerprint Sensor/Silver/0.87Kg), NP930XED-KB2IN","95,999",4.1
"Huawei MateBook D 14 Laptop, Full View 1080P FHD Ultrabook PC- (Intel Core i5-10210U, Multi-Screen Collaboration, Fingerprint Reader, 8 GB RAM, 512 GB SSD, Windows 10 Home,Microsoft365(6months)), Gray","79,788",4.5
"FUR JADEN Anti Theft Number Lock Backpack Bag with 15.6 Inch Laptop Compartment, USB Charging Port & Organizer Pocket for Men Women Boys Girls",520,3.9
"Dyazo Water Resistant Laptop Sleeve with Handle Compatible for 15 Inch to 15.6"" Inches laptops & Notebooks - Grey",299,4.3
"Dyazo 14.1 Inch Laptop Sleeve Case Cover With Handle And Two Front Pocket Compatible For Lenovo, Hp, Dell, Asus Acer & Other Notebooks (Grey)",299,4.3
"HP Pavilion, 12th Gen Intel Core i5-1235U, 8GB DDR4, 512GB SSD, Micro-Edge, BrightView, IPS, 14-inch(35.6cm) FHD Laptop, HD Camera, Backlit KB, B&O (Win 11, Office 21, Silver, 1.41kg) dv2053TU","52,990",4.0
"Chuwi HeroBook Plus 15.6"" FHD Laptop, Intel Celeron N4020 Dual Core Processor Upto 2.80GHz, 8GB RAM, 256GB SSD, Intel UHD Graphics, Windows 11,WiFi 6,Webcam,BT 5.2,HDMI Port,38Wh, 1.74kg (Iron Gray)","17,990",3.6
"Dell Inspiron 3530 Thin & Light Laptop, 13th Gen Intel Core i5-1334U Processor, 16GB, 1TB SSD, 15.6"" (39.62cm) FHD Display, Backlit Keyboard, Windows 11 + MSO'24 & 15 Month McAfee, Silver, 1.62kg",NOT FOUND,NOT FOUND
"HP 15s, 12th Gen Intel Core i5-1235U, 8GB DDR4, 512GB SSD, (Win11, Office21, Silver, 1.69kg), Anti-glare, Micro-edge,15.6-inch(39.6cm) FHD, Intel UHD Graphics, HD camera, Backlit KB, fy5007TU/fy5008tu","45,400",3.8
"DYAZO 15"" to 15.6 Inch Laptop Sleeve/Cover with Handle & Two Front Accessories Pockets Compatible for Apple, Dell, Lenovo, Asus, Hp, Samsung, Mi, MacBook and Other Notbooks (Grey)",299,4.2
"Samsung Galaxy Book3 Pro Intel 13th Gen i5 EvoTM 35.56cm(14"") Dynamic Amoled 2X, 3K Display, 120Hz, Ultra Thin & Light Laptop(16 GB/512 GB SSD/Windows 11/MS Office/Graphite/1.17Kg), NP940XFG-KC1IN","97,150",4.0
"Samsung Galaxy Book2 360 Intel 12th Gen i5 EvoTM 33.78cm (13.3"") AMOLED 2 in 1 touch screen Laptop (16 GB/512 GB SSD/Windows 11/MS Office/Backlit KB/Fingerprint Sensor/Graphite/1.16Kg), NP730QED-KA2IN","79,900",4.0
"Mini Explorer Educational Computer Laptop Toy for Kids With Mouse |Toys for 2 - 5 Years Old Boys Girls| Learning Activity Alphabet, Letter, Words, Games & Music, Mathematics Logical Memory Tool - Blue",849,4.1
"Dyazo 6 Angle Foldable & Portable Laptop Riser Stand Made with Aluminum Alloy |Compatible for Dell, Mac Book Air/Pro, Lenovo Acer Hp Asus & Other Laptop from 11.6 inch to 15.6 Inches- Black",399,4.3
"Acer Aspire Lite 13th Gen Intel Core i5-1334U Thin and Light Premium Laptop (16 GB RAM/512GB SSD/MS Office/Backlit Keyboard) AL15-53 with 39.62cm (15.6"") Full HD Display, Metal Body,Steel Gray,1.59 KG",NOT FOUND,NOT FOUND
"Gooyo 2011A Battery Operated Educational Learning Laptop Toy with LED Display and Music Effect | Babies/Girls/Boys/Toddlers | Pink Color, Power Source: 3xAA Battery (Not Included)",363,3.8
"Zebronics-NS1500 Laptop Stand Featuring Foldable Design, Anti-Slip Silicone Rubber Pads, Supports Maximum of 5kgs Weight Tabletop",299,3.7
"Dell 15 Thin & Light Laptop, 13th Generation Intel Core i3-1305U Processor, 8GB DDR4 + 512GB SSD, 15.6"" (39.62cm) FHD 120Hz 250 nits Display, Windows 11 + MSO'21, 15 Month McAfee, Titan Grey, 1.69kg","38,490",3.7
"Acer Aspire Lite 13th Gen Intel Core i3-1305U Thin and Light Premium Laptop (Windows 11 Home/8 GB RAM/512GB SSD/36 WHR) AL15-53 with 39.62cm (15.6"") Full HD Display, Metal Body, Steel Gray, 1.59 KG","33,990",3.8
"Gooyo 2011A Battery Operated Educational Learning Laptop Toy with LED Display and Music Effect | Babies/Girls/Boys/Toddlers | Blue Color, Power Source: 3xAA Battery (Not Included)",358,3.8
"Sounce 3 in 1 Cleaning Kit Set for Screen PC, Laptops, Monitors, Mobiles, LCD, LED, TV/Professional Quality/Prevents Static Electricity, 100ml with Micro Fiber Cloth and Brush",215,4.2
"Lenovo Yoga Slim 7 Snapdragon X Elite X1E Built in-AI with Copilot+ 14""(35.5cm) 3K OLED 500Nits Touchscreen Laptop (32GB/1TB SSD/90Hz/Qualcomm NPU 45TOPS/Win11/MSO/1Yr ADP Free/Cosmic Blue/1.4Kg)",NOT FOUND,NOT FOUND
"Dyazo Water Resistant Laptop Sleeve/Case Cover for 15 Inches,15.6 Inch Laptops & Notebook (Black)",299,4.3
"amazon basics Wired Mouse | 1000 DPI Optical Sensor | Plug and Play | Compatible with PC, Laptop (Black)",169,4.3
Lapcare DCX-A101 ChillMate Laptop Cooler (Black),649,4.1
amazon basics Adjustable Laptop Riser Stand | Wide Compatibility | Multiple Adjustable Angles | Ventilated & Secure Design,299,4.3
VEBETO Educational Laptop for Kids (1 Year Warranty) Toys w/ Mouse Games 20 Fun Computer Activity Learning Toy for 2 3 4 5 Years Boys Girls Learn Letters Words Mathematics Music Logic Memory Tool,899,4.2
"Chuwi GemiBook Plus 15.6"" Laptop, 8GB RAM 256GB SSD, Windows 11, Intel N100 (Upto 3.4GHz), WIFI 6, USB-A 3.0, Webcam, Bluetooth 5.2, HDMI Port, 38Wh, 1.7kg (Iron Gray)","20,990",3.6
"Lenovo IdeaPad Slim 3 Core i5 13420H (16GB RAM/512GB SSD/15.6"" (39.6cm)/Integrated Intel UHD Graphics/Windows 11/Office Home 2024/1 Year ADP Free/Grey/1.6Kg), 83EM00H0IN Laptop","58,990",5.0
"Lenovo IdeaPad Slim 3 12th Gen Intel® Core™ i5-12450H 15.6 inch (39.6cm) FHD Laptop (16GB/512GB SSD/Windows 11/Office 2024/Alexa Built-in/1Yr ADP Free/3 Month Game Pass/Arctic Grey/1.62Kg), 83ER00KPIN","53,490",4.0
"Dell Inspiron 3530 Laptop, 13th Gen Intel Core i5-1334U Processor, 16GB, 512GB SSD, 15.6""(39.62cm) FHD 120Hz 250 nits, Backlit KB, Windows 11 + Mso'21 & 15 Month McAfee, Silver, Thin & Light- 1.62kg","57,990",3.7
amazon basics Wireless Mouse | 2.4 Ghz with USB Nano Receiver | 1000 DPI Optical Tracking | Compatible with PC & Laptop (White & Black),299,3.0
"BigPlayer Dark Grey 15-16 Inch Laptop Sleeve Bag - Waterproof Briefcase with Protective Tablet Case and Portable Handle, Ideal for Men & Women",299,4.5
"ZEBRONICS Igloo 1, 2.0 USB Computer Speakers, 8 Watts, Multicolor LED, USB Powered, AUX, Volume Control Pod for PC, Laptops, Desktop",499,4.0
"Microsoft New Surface Pro9 13"" Intel evo 12 Gen i5 / 8GB / 256GB Sapphire with Windows 11 Home, 365 Family 30-Day Trial & Xbox Game Pass Ultimate 30-Day Trial","99,990",3.8
"Dyazo slim 15"" to 15.6 Inch Laptop Sleeve, Laptop cover Case with handle & Accessories pocket Universal compatible for Dell, HP, Lenovo, Asus and all other Notebook etc. (Grey)",259,4.2
"ZEBRONICS Blanc Slim Wireless Mouse with Rechargeable Battery, BT + 2.4GHz, 4 Buttons, 800/1200/1600 DPI, Silent Operation, Multicolor LED Lights",499,4.0
"Microsoft New Surface Pro (11Th Edition) - Windows 11 Home Copilot + Pc - 13"" LCD Pixelsense Touchscreen - Qualcomm Snapdragon X Plus (10 Core,Wi-Fi) - 16Gb Ram - 256Gb Ssd - Platinum - Zhx-00014","1,13,990",4.4
"Tukzer Universal Silicone 15.6” Laptop Keyguard Keyboard Protector, Keyboard Dust Cover, Keyboard Skin 15.6” keyguard (36.5 x 13.5 cm)",139,3.6
"Lenovo LOQ 2024 AMD Ryzen 7 7435HS | NVIDIA RTX 4060 8GB (24GB RAM/512GB SSD/15.6"" (39.6cm)/Windows 11/Office Home 2024/100% sRGB/3 Mon. Game Pass/Grey/2.4Kg), 83JC00EHIN Gaming Laptop","90,490",4.1
"Lenovo IdeaPad Slim 1 AMD Ryzen 7 5700U 15.6"" HD Thin and Light Laptop (16GB/512GB SSD/Windows 11 Home/MS Office 2021/1 Year Warranty + 1 Year ADP/Cloud Grey/1.6Kg), 82R400EFIN","41,490",5.0
"Logitech M186 Wireless Mouse, 2.4GHz with USB Mini Receiver, 12-Month Battery Life, 1000 DPI Optical Tracking, Ambidextrous, Compatible with PC, Mac, Laptop",495,4.3
"Amazon Basics Laptop Bag Sleeve Case Cover Pouch for Men & Women | 15.6 Inch Laptop/MacBook, Office/College Laptop Bag | Side Handle | Multiple Pockets | Water Repellent | Shock Absorber (Black)",279,4.1
"Lapster Universal Silicone 14.0"" Keyboard Protector Skin||Keyboard Dust Cover| Keyboard Skin for 14.0"" Laptop |14.0"" Keyguard | Laptop Keyboard Cover 14 inch",139,3.3
"Florican Portable Invisible Laptop Riser Stand | Mini Aluminum Cooling Pad, Lightweight Laptop Desk Stand for MacBook, Lenovo, Dell, HP & Other Laptops (Cool Silver)",269,4.3
"ZEBRONICS Zeb-Jaguar Wireless Mouse, 2.4GHz with USB Nano Receiver, High Precision Optical Tracking, 4 Buttons, Plug & Play, Ambidextrous, for PC/Mac/Laptop (Light Blue+Grey)",299,3.9
"Born Good 4-in-1 Plant-Based Electronics & Gadget Disinfectant Cleaner Kit - Non-Toxic Formula for Laptop, Smartphone, Monitor, Tablet, Camera, TVs - 2 Microfiber Cloths & Soft Brush (100ml)",299,4.1
"Samsung Galaxy Book3 Pro Intel 13th Gen i7 EvoTM 35.56cm(14"") Dynamic Amoled 2X, 3K Display, 120Hz, Ultra Thin & Light Laptop(16 GB/512 GB SSD/Windows 11/MS Office/Graphite/1.17Kg)","1,24,120",4.0
"Lenovo Gx20K78585 65W Laptop Adapter/Charger with Power Cord for Select Models (Round Pin), Black","1,099",4.2
"Dell 15 Thin & Light Laptop, Intel Core 13th Generation i5-1334U Processor, 16GB DDR4 & 512GB SSD, 15.6"" (39.62cm) FHD 120Hz 250 nits, Windows 11 + MSO'21 + 15 Month Mcafee, Carbon Black, 1.66kg","55,990",3.5
"HONOR MagicBook X16 (2024), 12th Gen Intel Core i5-12450H, 16-inch (40.64 cm) FHD IPS Anti-Glare Thin and Light Laptop (16GB/512GB PCIe SSD/Windows 11/ Full-Size Numeric Keyboard /1.68Kg), Gray","39,990",3.9
"Lenovo IdeaPad Slim 3 12th Gen Intel Core i5-12450H 14"" (35.5cm) FHD 250 Nits Thin & Light Laptop (16GB/512GB SSD/Win 11/Office 21/1Yr Warranty/Alexa built-in/3 mon. Game Pass/Grey/1.37Kg), 83EQ005VIN","50,551",3.9
"Samsung Galaxy Book3 Core i5 13th Gen 1335U - (8 GB/512 GB SSD/Windows 11 Home) Galaxy Book3 Thin and Light Laptop (15.6 Inch, Silver, 1.58 Kg, with MS Office)","58,990",3.1
"Tukzer Universal Silicone 14 Inch” Laptop Keyguard Keyboard Protector, Keyboard Dust Cover, Keyboard Skin 14 Inch” keyguard",139,3.6
"ZEBRONICS Aluminium Alloy Laptop Stand, Compatible with 9-15.6 inch Laptops, 7 Angles Adjustable Tabletop, Anti Slip Silicon Rubber Pads, Foldable, Velvet Pouch Inside, Zeb-NS2000 (Silver)",449,4.3
"Microsoft New Surface Pro9 13"" Intel evo 12 Gen i7 / 16GB / 512GB Graphite with Bluetooth,Wi-Fi,NFC,Windows 11 Home, 365 Family 30-Day Trial & Xbox Game Pass Ultimate 30-Day Trial","1,92,990",5.0
"Dyazo Foldable Laptop Stand with 360° Rotating Base | Multi-Angle & Height Adjustable Design | Carbon Steel Build with Non-Slip Pads | Compatible with MacBook, Dell, HP & Laptops Upto 15.6 inch (Grey)",NOT FOUND,NOT FOUND
"Dyazo ABS Plastic Laptop Stand Height & Angle Adjustable | Foldable | Portable | Laptops Raiser Compatible for MacBook, Lenovo, HP, Dell & Other notebooks Upto 15.6 inch (Black)",279,4.3
"Tabelito Laptop Sleeve Bag 13"" to 15.6 inch for Women Jute and Vegan Leather Office Everyday Handbags",499,4.5
"Zebronics, ZEB-NC3300 USB Powered Laptop Cooling Pad with Dual Fan, Dual USB Port and Blue LED Lights",599,3.9
"Portronics Toad One Bluetooth Mouse with 2.4 GHz & BT 5.3 Dual Wireless, 6 Buttons, Rechargeable, RGB Lights, Connect 3 Devices, Ergonomic Design for Laptop, Smartphone, Tablet (Black)",549,4.2
"ASUS Vivobook 16 (2023), Intel Core i5-13500H 13th Gen, 16"" (40.64 cm) FHD+, Thin & Light Laptop (8GB/512GB SSD/Intel Iris Xᵉ/Win 11/Office 2021/Backlit KB/Fingerprint/Siver/1.88 kg), X1605VA-MB526WS","57,990",2.9
"CHUWI CoreBook X Laptop 12thGen i3-1220P Processor, 8GB DDR4 RAM and 512GB SSD, Intel® UHD Graphics,14.0"" FHD IPS Display, Backlit Keyboard, Windows 11 Home, WIFI6, BT5.2, 3.5MM Jack, Metal Body, Grey","23,990",3.7
"Ambrane 7-in-1 Cleaning Kit | All-in-One Keyboard Cleaning Kit with Brush & Cleaner for Bluetooth, AirPods, Laptop, Tablet, Phone, iPad, Smartwatch, MacBook, Earbuds & PC Accessories (ACK-02 White)",299,4.2
"Sounce 7 in 1 Electronic Cleaner Kit, Keyboard Cleaner Kit with Brush, 3 in 1 Cleaning Pen for AirPods Pro, Multifunctional Cleaning Kit for Earphone, Keyboard, Laptop, Phone, PC Monitor (Grey)",299,4.0
"ZEBRONICS NS3500, Foldable Laptop Stand, with Mobile Stand, Upto 17 inch Laptop, Multi-Angle Adjustment, Anti-Slip Silicone Pads, Carbon Steel Body, Anti-Rust, for Laptop, Smartphones and Tablets",NOT FOUND,NOT FOUND
Tukzer Professional 8in1 Cleaning Kit for Laptop Tablet Smartphone Camera Airpod (100mlCleaning Solution AirBlower CottonSwabs Suede Plush Microfiber Cloth Antistatic Cleaning Bristle Universal Brush),329,4.4
"Zebronics NS3000 Portable Laptop & Tablet Stand Supports Upto 17” with Max. 5KG Support, Anti-Slip Silicone Pads, Foldable Design, Multi Angle Adjustment, Carbon Steel Body",799,4.0
"Wembley Educational Kids Laptop for 2-5 Years Boys Girls Computer Toys for 3 Years Ideal Birthday Gift Fun Activity Learning Alphabet, Letter, Words, Games, Mathematics, Music, Logic Memory Tool",739,3.9
HP Blue Pin Original Laptop Charger 19.5V 3.33A 65W Adapter (Fit with 3 Pin Power Cable)- Black,NOT FOUND,NOT FOUND
"Dyazo Laptop Sleeve 15.6 inches, Durable Shockproof Neoprene Case Cover Carrying Bag Case with Pockets Compatible for HP/Crome Book/ASUS & Other Laptops, Notebook, Black (ONE Pocket 15.6 Black)",379,4.0
"Lenovo IdeaPad Slim 3 13th Gen Core i5-13420H (16GB RAM/512GB SSD/FHD IPS/Windows 11/MS Office'21/14"" (35.56cm)/Alexa Built-in/Grey/1.3Kg, 83EL003PIN Laptop","57,775",NOT FOUND
"Lenovo IdeaPad 3 12th Gen Intel Core i3-1215U 14 Inch (35.5cm) FHD Thin & Light Laptop (8GB/512GB SSD/Win 11/Office 2021/1 Year Warranty/3months Game Pass/Arctic Grey/1.43Kg), 82RJ00FUIN","33,990",4.0
"HP 15 Core i5 12th Gen (16GB RAM/512GB SSD/FHD/Windows 11/MS Office/Backlit Keyboard/15.6"" (39.6cm)/Silver/1.59 kg) fd0111TU Laptop","49,900",3.5
"Lenovo IdeaPad Slim 5 12th Gen Intel Core i5 12450H 14"" (35.5cm) WUXGA+ IPS Laptop (16GB/512GB SSD/Win 11/Office 2021/Backlit KB/FHD Camera/Alexa/3 Month Game Pass/Cloud Grey/1.46Kg), 83BF000UIN","54,990",3.9
"Logitech C270 Digital HD Webcam with Widescreen HD Video Calling, HD Light Correction, Noise-Reducing Mic, for Skype, FaceTime, Hangouts, WebEx, PC/Mac/Laptop/MacBook/Tablet - (Black, HD 720p/30fps)","1,995",4.2
"Portronics Bridge Y USB 3.0 to Type C OTG Adaptor, 10Gbps High Speed Data Transfer, Thunderbolt to USB Adapter, Compatible for All Type C Devices, Smartphone, Laptops, Tablets, Chargers, MacBook",109,4.3
"Dyazo Laptop Sleeve 15.6 inch Case, Water Repellent Polyester Neoprene Case with Accessory Pocket Compitable for MacBook, Dell, Lenovo & Other laptops, Notebooks Grey, (OnePOCKET 15.6 Grey)",379,4.0
Tabelito Laptop Sleeve Bag 15.6 inch for Women | laptops Sleeves 15.6 inches Jute and Vegan Leather,499,4.5
"ZEBRONICS Zeb-Jaguar Wireless Mouse, 2.4GHz with USB Nano Receiver, High Precision Optical Tracking, 4 Buttons, Plug & Play, Ambidextrous, for PC/Mac/Laptop (Black+Grey)",299,3.9
"Asus Ad45-00B 45W Laptop Charger/Adapter for Select Models of Asus-20 V,2.5 A,4 Mm X 1.2Mm Diam-Black","1,449",4.0
"Wembley Educational Laptop for Kids Toys for 2-5 Years Learning Activity Computer Toys for 3 Years Old Boy Learn Alphabet, Letter, Words, Games, Mathematics, Music, Logic Memory Tool",849,3.9
"ZEBRONICS NC6500D Laptop Cooling Pad with Support up to 17 inch (43.18 cm) Laptops, Hexa Fans, Speed Control, RGB LED, Detachable Mobile Holder, 5 Step Retractable Stand, Built in USB Ports (Black)","1,299",3.9
"ASUS Vivobook 16"" FHD+ (1920 X 1200), 60Hz 300Nits, Core i5-12500H, (16GB RAM/512GB SSD/Intel Iris X? Graphics/Win 11/Office Home/Fingerprint/42Whr Battery/Transparent Silver/1.88Kg), X1605ZAC-MB541WS","53,990",3.9
"Lenovo IdeaPad Slim 3 12th Gen Core i5-12450H (16GB RAM/512GB SSD/Intel UHD Graphics/FHD IPS Display/14 (35.5cm)/Windows 11/Office Home 2024/1Yr ADP Free/Grey/1.37Kg), 83EQ0073IN Laptop","52,990",3.9
Amazon Basics Laptop Bag Sleeve Case Cover Pouch with Handle for Men & Women | 14.1 Inch Laptop with Padded Laptop Compartment | Zipper Closure | Water Repellent Nylon Fabric (Grey),289,4.1
"Arctic Fox Pureview Transparent Wireless and Bluetooth Rechargeable Mouse, USB Receiver,LED Battery Magic Silm for Office/PC/Mac/Laptop/Apple/ipad(Space Blue)",649,4.3
"RIONTO Messenger Bag - Laptop Bag for Men, PU Leather Expandable Office Bag for Men | Supports Laptop Upto 15.6 inches (Tan)","1,399",4.4
"THEMISTO - built with passion 27 in 1 Precision Screwdriver Set Multi Pocket Repair Tool Kit for Mobiles, Laptops, Electronics",249,4.0
"Dell MS116 Wired Optical Mouse, 1000DPI, LED Tracking, Scrolling Wheel, Plug and Play",300,4.4
"Logitech B170 Wireless Mouse, 2.4 GHz with USB Nano Receiver, Optical Tracking, 12-Months Battery Life, Ambidextrous, PC/Mac/Laptop - Black",629,4.3
"Gooyo GY-1101 Plug & Play English Learner Educational Laptop Toy with 20 Learning & Playing Activities|Blue & White Color,Dual Power Supply Source:Micro USB Cable(Included) &3xAA Battery(Not Included)",798.,3.8
"Dell Original 65W USB Type-C Adapter for Laptop, Latitude 5289 5290 7389 7390 7400 - Black …","1,499",4.2
"Lenovo IdeaPad Pro 5 Intel Evo Core Ultra 9 185H Built-in AI 14"" (35.5cm) 2.8K-OLED 400Nits 120Hz Laptop (32GB/1TB SSD/Intel Arc GPU/Win11/MSO 21/FHD+IR Cam/1Yr ADP Free/Grey/1.4Kg), 83D2001GIN","1,01,190",4.2
"HP 255 G10 AMD Ryzen 5 Quad Core 7520U Upto 4.3Ghz - (8 GB/512 GB SSD/Windows 11) 255 G10 Thin and Light Laptop (15.6 inch, Matt Silver, 1.45 kg)","31,990",5.0
"Dell Vostro 15 3530 Laptop – 15.6 inch FHD (35.56cm) Display, 13th Gen Intel Core i5-1334U Processor, 8 GB RAM, 512 GB SSD, Intel UHD Graphics, Carbon Black, 1.66Kg, Ideal for Tech Ninjas","51,322",3.8
"Lenovo LOQ 2024 AMD Ryzen 7 7435HS | NVIDIA RTX 4050 6GB (24GB RAM/512GB SSD/15.6"" (39.6cm)/Windows 11/Office Home 2024/100% sRGB/3 Mon. Game Pass/Grey/2.4Kg), 83JC00EGIN Gaming Laptop","81,490",4.1
"Ant Esports NC250 RGB Laptop Cooling Pad, Laptop Cooler with Mobile Holder 6 Quite Fans Fan Speed Controller 7 Height Adjustable Angle 2USB Ports Compatible for Laptop up to 15.6”",849,3.6
"ARZOPA 16.1''144Hz Portable Monitor, 106% sRGB FHD 1080P Kickstand Portable Gaming Monitor with Speaker HDR, Ultra Slim, Eye Care Screen for Laptop, PC, Mobile,PS5, MacBook- USB C & HDMI Connectivity","15,499",4.4
"Portronics Mport Mino A USB 3.0 Hub (3-in-1) with USB 3.0 SuperSpeed, Compact L-Shape Design, 2-Port USB 2.0 High-Speed, USB Plug, Metal Alloy Body, for Laptop, PC, Mac (Grey)",199,4.1
"Ant Esports NC160 Laptop Cooling Pad, Laptop Cooler with Mobile Holder 2 * 1 125mm Quite Fans at 1000 RPM Fan Speed Controller 5 Height Adjustable Angle 2USB Ports Compatible for Laptop up to 15.6”",519,3.8
"Portronics My Buddy K Lite Foldable Laptop Stand with Adjustable Heights, Anti-Slip Silicone Pads, Collapsible Design, 5 kg Max Weight, ABS Build, Portable & Lightweight Holder Riser(Blue)",298,3.9
Maxelon Power Cable & HP Blue Pin Original Laptop Charger 19.5V 3.33A 65W Adapter- Black,"1,449",4.2
OneAssist 2 Years Total Protection Plan for Laptop Between INR 30001-40000 (E-Mail Delivery Only),"1,799",3.5
"Logitech M221 Wireless Mouse, Silent Buttons, 2.4 GHz with USB Mini Receiver, 1000 DPI Optical Tracking, 18-Month Battery Life, Ambidextrous PC/Mac/Laptop - Charcoal Grey",695,4.3
"Lenovo IdeaPad Slim 3 AMD Ryzen 3 7320U 14"" FHD Thin and Light Laptop (8 GB/512GB SDD/Windows 11 Home/Office Home & Student 2021/1Yr ADP Free/Arctic Grey/1.37Kg), 82XN006JIN",NOT FOUND,NOT FOUND
"Lenovo IdeaPad 3 12th Gen Intel Core i3-1215U 14 Inch (35.5cm) FHD Thin & Light Laptop (8GB/512GB SSD/Win 11/Office 2021/Backlit KB/3months Game Pass/Arctic Grey/1.43Kg), 82RJ00FKIN","35,990",4.0
HP M070 Ergonomic Wired Mouse/ 1.5M USB Cable/Optical Engine/Accurate Positioning/ 1600 DPI with Adjustable DPI 1000-1200/3 Years Warranty,299,4.2
"Zebronics 200HB USB 3.0 4 Port hub with Hi Speed Data Transfer, Aluminum + ABS Body, 15cm Cable, Sleek Design and Plug Play Usage",269,4.2
Zebronics ZEB-KM2100 Multimedia USB Keyboard Comes with 114 Keys Including 12 Dedicated Multimedia Keys & with Rupee Key,249,3.7
Crucial RAM 8GB DDR4 3200MHz CL22 (or 2933MHz or 2666MHz) Laptop Memory CT8G4SFRA32A,"1,335",4.5
Cosmic Byte Meteoroid RGB Laptop Cooling Pad with 6 Fan Upto 17 inch laptops (Black/Blue),"1,599",4.0
"Amazon Basics Laptop Cooling Pad, USB Powered Portable Gaming Laptop Cooler Stand | Quiet 2 Fans with Blue LED Light | 2 Viewing Angles | Slim Chill Mat for 10 to 15.6-Inch Laptops",489,4.0
Lenovo Plastic Gx21M75594 45W Laptop Adapter/Charger with Power Cord for Select Models of Lenovo (Round Pin),"1,049",4.2
Dyazo 13.3 inch Laptop Bag Sleeve Sleeve Bag Cover for 13 inch Apple Mac Book Air Pro Retina 13 13.3 inch MacBook 13.3 inch and all other laptops & Notebooks with front packet and handle (Grey),299,4.3
"ASUS Vivobook 15 (2023), Intel Core i5-1335U 13th Gen, Thin and Light Laptop, 15.6"" (39.62 Cms) FHD, (8GB RAM /512GB SSD/Intel Iris X?/Windows 11/Office 2021/Fingerprint/Blue/1.7 Kg), X1504VA-NJ523WS","54,990",2.9
"Lenovo IdeaPad Slim 3 AMD Ryzen™ 5 7520U 14"" FHD (1920x1080) Anti-Glare Thin and Light Laptop (8 GB/512GB SDD/Windows 11 Home/1Yr Warranty/Arctic Grey/1.37Kg), 82XN006TIN","40,190",4.5
"Acer Aspire Lite 12th Gen Intel Core i5-12450H Thin and Light Laptop(Win11Home/12GB RAM/512GB SSD/Intel UHD Graphics/MSO)AL15-52H, 39.62cm(15.6"") FHD IPS Display, Backlit Keyboard, Pure Silver, 1.7KG","48,990",3.8
"Lenovo IdeaPad 1 AMD Ryzen 7 5700U 15.6"" HD Thin and Light Laptop (16GB/512GB SSD/Windows 11 Home/MS Office 2021/1Yr ADP Free/Cloud Grey/1.61Kg), 82R400EHIN","42,990",3.8
"Portronics My Buddy Air 5 Laptop Cooling Pad with Dual Cooling Fans, Height Adjustable, ABS Build, Compatible with Upto 15.6 Inches Laptop(Black)","1,449",4.1
"Portronics Toad 23 Wireless Optical Mouse with 2.4GHz, USB Nano Dongle, Optical Orientation, Click Wheel, Adjustable DPI(Black)",299,4.0
Microsoft New Surface Pro (11th Edition) - Windows 11 Home Copilot + PC - 13” OLED PixelSense Touchscreen - Qualcomm Snapdragon X Elite (12 Core) - 32GB RAM - 1TB SSD - Platinum - ZID-00014,"2,32,990",1.0
Dyazo 30 L Slim Business Laptop Backpack Casual Design Water Resistant Backpack for laptops for 15.6 inch laptop (Black),499,4.0
Portronics My Buddy K3 Portable Laptop Tabletop Stand I Foldable & Adjustable for Laptops Up to 15.6 Inches(Silver),"1,499",4.3
"Zebronics Zeb-Power Wired USB Mouse, 3-Button, 1200 DPI Optical Sensor, Plug & Play, for Windows/Mac",139,3.9
Microsoft New Surface Pro (11th Edition) - Windows 11 Home Copilot + PC - 13” OLED PixelSense Touchscreen - Qualcomm Snapdragon X Elite (12 Core) - 16GB RAM - 512GB SSD - Black - ZIA-00031,"1,61,990",5.0
"Amazon Basics Laptop Bag Sleeve Case Cover Pouch for Men & Women | 14.1 Inch Laptop/MacBook, Office/College Laptop Bag | Side Handle | Multiple Pockets | Water Repellent | Shock Absorber (Black)",319,4.1
"HONOR MagicBook X16 Pro 2024, 13th Gen Intel Core i5-13420H (8GB/512GB NVMe SSD, 16-inch (40.64 cm) FHD IPS Anti-Glare Thin and Light Laptop/Windows 11/Backlit Keyboard/Fingerprint/1.75Kg), Gray","56,990",4.2
"HP Pavilion, 12th Gen Intel Core i5-1235U, 16GB DDR4, 512GB SSD, (Win 11, Office 21, Silver, 1.41kg) IPS, BrightView, 14-inch(35.6cm) FHD Laptop, Intel Iris Xe Graphics, HD camera, Backlit KB,dv2014TU","62,000",4.0
"Dyazo 13-13.3"" inch Laptop Sleeve case Cover Bag Compatible for All Notebooks Such as Mac Book Pro or Air 2023-2021 M2 M1 with Front Accessories Pocket Neoprene Black",379,4.0
Bennett™ Mystic Formal Business Briefcase Bag Crossbody Messenger College Bags for Men Women MacBook INoteBook ITablet Laptop Upto 15.6 Inch | Handbags with Shoulder Straps (Blue) 6 Months Warranty,512,4.0
"Ceptics 200W Car Laptop Charger/car Inverter with 2X Universal AC Outlet Smart USB Charging Ports 12V DC to 220V AC with 18 Months Warranty, 2 USB 3.1A Max + 1 C Type 1 * 18W PD 2X Universal AC Outlet","2,049",4.3
"Honeywell Moxie V500 10W Portable USB Wired Soundbar, Speaker for PC,Desktop and Laptop with Volume Control and 3.5 mm AUX,2.0 Channel,52mmX2 Drivers,Plug &Play,2 Yrs Maufacuturer Warranty",789,4.1
"Ant Esports NC270 RGB Gaming Laptop Cooling Stand, Laptop Cooler Cooling Pad 5 Quite Fans LCD Screen 3 Adjustable Angle 2 USB Ports with Control Panel for Laptop, Notebook Upto 17”","1,099",3.6
Storio Learning Educational Kids Piano Laptop with Led Screen & Music | Fun Activities Toy Computer Tablet for Kids Toddlers 1 2 3 4 5 6 + Year Old Boy and Girls,445,4.5
"MegaStro® Laptop Stand for Desk with 7 Adjustable Angles, Aluminum Ergonomic Foldable Portable Compatible with All Brands 6-17.3 [with Pouch] [with Wire Protectors] (Metallic Grey)",649,4.4
"ZEBRONICS PHERO Wired Gaming Mouse with up to 1600 DPI, Rainbow LED Lights, DPI Switch, High Precision, Plug & Play, 4 Buttons",199,4.0
"HP 15, 13th Gen Intel Core i5-1334U, 8GB DDR4, 512GB SSD, (Win 11, Office 21, Silver, 1.59kg), Anti-Glare, 15.6-inch(39.6cm), FHD Laptop, Intel UHD Graphics, Backlit KB, 1080p FHD Camera, fd0220TU","51,990",3.5
"Apple 2024 MacBook Pro Laptop with M4 Max chip with 14‑core CPU and 32‑core GPU: Built for Apple Intelligence, (14.2″) Liquid Retina XDR Display, 36GB Unified Memory, 1TB SSD Storage; Space Black","2,97,490",3.0
"Lenovo Ideapad Slim 3 AMD Ryzen 5 7520U 15.6"" (39.6Cm) FHD Thin and Light Laptop (16Gb/512GB SSD/Win 11/Office 2021/Backlit Keyboard/Alexa Built-in/3 Month Game Pass/Arctic Grey/1.62Kg), 82XQ008VIN","43,990",3.7
"Acer Aspire 3 Intel Core i3-N305 Processor Laptop with 35.56 cm (14"") Full HD LED-Backlit IPS Display (8 GB RAM/512 GB SSD/Intel Graphics/Win11 Home/38Wh) A324-31, Steel Gray, 1.45KG","29,990",3.7
Dell Original 45W 19.5V Laptop Charger Adapter with 4.5mm pin for Inspiron - Black Without Power Cord,"1,165",3.9
"Lenovo 15.6"" (39.62cm) Slim Everyday Backpack, Made in India, Compact, Water-resistant, Organized storage:Laptop sleeve,tablet pocket,front workstation,2-side pockets,Padded adjustable shoulder straps",839,4.3
"MOCA Hard Laptop Sleeve for MacBook 13-13.3 - 13.6-14 inch Laptop Sleeve Bag for MacBook Pro/Air M1 M2, Surface Laptop 3/2, Dell Inspiron 13/XPS 13, Shockproof & Water-Resistant",999,4.4
"Ceptics 200W Car Laptop Charger/Power Inverter with 2 USB(3.1A Max) + 1 C Type(1 * 18W PD) Smart USB Charging Ports, 12V DC to 220V AC, 2X Universal AC Outlet, Grey, 18 Months Warranty","2,099",4.3
"FUR JADEN Anti Theft Number Lock Backpack Bag with 15.6 Inch Laptop Compartment, USB Charging Port & Organizer Pocket for Men Women Boys Girls",679,3.9
Crucial RAM 16GB DDR4 3200 MHz CL22 Laptop Memory CT16G4SFRA32A,"2,630",4.5
"Dell KB216-Black Multimedia Wired Keyboard with USB Interface, Plunger Keys Technology and Chiclet Key Style, Hot Key-Volume, Mute, Play/Pause, Backward, Forward, Warranty 1 Year.",569,4.3
"DYAZO 13"" to 13.3 inch Laptop Sleeve/Cover/Case with Handle & Two Accessories Compatible for Apple, Dell, Lenovo, ASUS, Hp, Samsung, Mi, MacBook and All Other Notebooks (Grey)",299,4.2
"Apple 2024 MacBook Air (13-inch, Apple M3 chip with 8‑core CPU and 8‑core GPU, 16GB Unified Memory, 256GB) - Starlight","1,09,990",5.0
"Lenovo IdeaPad Slim 3 13th Gen Intel Core i3-1305U 15.6 inch (39.6cm) FHD Laptop (8GB/512GB SSD/Windows 11/Office 2021/Alexa Built-in/1Yr ADP Free/3 Month Game Pass/Arctic Grey/1.62Kg), 82X700C8IN","35,900",4.0
Dyazo 13/13.3 Inch Laptop Sleeve/Case Cover Compatible With All Notebook And Laptops With Handle & 2 Accessory Pockets (Black),299,4.3
"ZEBRONICS 180HB USB HUB, 3 Ports, USB 3.0, Transfer Speeds Upto 5 Gbps, Lightweight Design, Multi OS Compatible, Plug and Play",169,4.3
"Tabelito Laptop Sleeve Bag 13"" to 15.6 inch for Women Jute and Vegan Leather Office Everyday Handbags",499,4.5
"Lenovo M10 Hd 2Nd Gen Wi-Fi Connectivity (10 Inch, 2 Gb, 32 Gb) [Year-2020],Gray","6,690",3.6
Artis 65Watt Universal Laptop Adapter with 8 Interchangeable Connector pins (Power Cord Included) Compatible with USB Type C/Dell/HP/Lenovo/ASUS/Acer/Samsung/Compaq/IBM/Toshiba,999,3.6
"STRIFF Laptop Cleaning kit, Laptop Cleaner, Screen Cleaner, Mobile Cleaning kit, Cleaning Kit for Camera, Lens, Binocular, Laptop, TV, Monitor, Smartphone, Tablet (Multi Functional)",99,4.0
"Zebronics Zeb-Crystal Clear Web Camera with 3P Lens,Built-in Microphone,Auto White Balance,Night Vision and Manual Switch for LED (Black)",699,3.3
"AmazonBasics Vertical Laptop Stand with Adjustable Dock and Dual Slots, Compatible with All Laptops Up to 20.3"" (Aluminium, Grey)","1,299",4.6
HP Chromebook x360 13B Mediatek Kompanio 1200 13.3Inch(33.8Cm) FHD Touch Covertible Laptop Chrome OS (8GB Ram/256 GB SSD/B&O/7Mediatek Integrated ARM Mali Graphics/Backlit Kb/Chrome 64) 13B-Ca0006Mu,"46,150",3.3
"HP 15s, 12th Gen Intel Core i5-1235U, 8GB DDR4, 512GB SSD, (Win 11, Office 21, Silver, 1.69kg), Anti-Glare, 15.6-inch(39.6cm) FHD Laptop, Intel UHD Graphics, HD Camera, Backlit Keyboard fy5008TU","45,990",3.9
"MSI Modern 14 C12MO-1019IN (Thin & Light) Intel Core i7 12th Gen 1255U / 16GB / 512 GB SSD/Windows 11 Home / 14 Inch/Urban Silver, 1.4 Kg / 1 Year Warranty.",NOT FOUND,NOT FOUND
"2022 Apple MacBook Air Laptop with M2 chip: 13.6-inch Liquid Retina Display, 16GB RAM, 256GB SSD Storage, Backlit Keyboard, 1080p FaceTime HD Camera. Works with iPhone and iPad; Silver","94,990",5.0
Dyazo 14 Inch Laptop Sleeve | Cover | Case With Handle & One Front Accessories Pocket Compatible For Chromebooks Macbook Chromebook & Other Laptops Computer Upto 14 Inches (Grey),279,4.2
"ZOUK Vegan Leather Women's Office Bag for 15.6 inch Laptop, MacBook","1,499",4.3
"STRIFF Angles Adjustable Aluminum Ergonomic Foldable Portable Tabletop Laptop/Desktop Riser Stand Holder Compatible for MacBook, HP, Dell, Lenovo & All Other Notebook (Black)",349,4.1
"Tukzer Foldable Laptop & Tablet Stand Riser for Laptop/MacBook/Notebook Up to 15.6-Inches, with Multi-Angle Adjustment, Lightweight & Ergonomically Designed (Black)",299,4.3
Microsoft New Surface Pro (11th Edition) - Windows 11 Home Copilot + PC - 13” OLED PixelSense Touchscreen - Qualcomm Snapdragon X Elite (12 Core) - 16GB RAM - 1TB SSD - Black - ZIB-00031,"1,80,990",4.5
Lenovo Casual Laptop Briefcase T210 (Toploader) 39.62 cm (15.6-inch) Water Repellent Black,979,4.2
"Tabelito Laptop Sleeve Bag 13"" to 15.6 inch for Women Jute and Vegan Leather Office Everyday Handbags",499,4.5
"HP 65W USB C Laptop Charger AC Adapter Replacement for HP Spectre X360,Spectre,Elitebook x360,Elitebook,Envy,Chromebook,Elite x2,ProBook Travel Type C (Fit with 3 Pin Power Cable)","1,994",4.5
"Dell Vostro 15 3520 Laptop - 15.6 inch (39.62cm) FHD Display, Intel Core i5-1235U, 8 GB RAM, 512 GB SSD, Titan Grey, 1.69Kg, Ideal for Business Users, Perfect for Productivity and Collaboration","46,690",3.8
"Acer Aspire 3 Intel Core i5-1235U Processor Laptop with 35.56 cm (14"") FHD LED-Backlit IPS Display (16GB RAM/512GB SSD/WiFi 6/Intel Graphics/Win11Home) A324-51, Backlit Keyboard, Steel Gray, 1.45KG","41,990",4.0
"Amazon Basics Laptop Sleeve Case Cover Pouch for 14-Inch, 14.1-Inch Laptop (Black)",409,4.4
Dyazo Laptop Cooling Pad |Laptop Stand with Cooling Fan | Adjustable Height 5 Step with Mobile Holder Compatible for All laptops & Notebook 11.6/13.3/14 / 15.6 inch - (Black),699,3.9
Storio Minnie Mouse Educational Laptop Computer Toy with Mouse | 1 Year Extended Warranty | Kids Above 3 Years | 20 Fun Activity Learning | Learn Letter Words Games Mathematics Music Logic Memory,861,4.5
"Dell WM118 Wireless Mouse, 1000DPI, 2.4 Ghz with USB Nano Receiver, Optical Tracking, 12-Months Battery Life, Plug and Play, Ambidextrous - Black",649,4.2
STRIFF Adjustable Laptop Stand Patented Riser Ventilated Portable Foldable Compatible with MacBook Notebook Tablet Tray Desk Table Book with Free Phone Stand(White),349,4.3
"HP 150 Wired Mouse- Elegant Ergonomic Design, 1600 DPI Optical Tracking, USB Plug & Play / 3 Years Warranty (240J6AA), Black",399,4.2
"Ambrane Laptop stand with Metal Body, Portable & foldable Design & Height Adjustable OverHeating Protection for Dell, Mac Book Air/Pro, Lenovo, Acer, Hp, Asus & Other Laptop & tablets (Workpad, Black)",399,4.1
Craloft Polyester Laptop Sleeve Cover Bag 14 Inch with Charger Pouch for Dell/Hp/Asus/Lenovo/Acer (Grey_L26),469.,4.3
"HP 15 AI Laptop, Intel Core Ultra 5 125H,12 Tops, 16GB DDR5, 1TB SSD,(Win 11, Silver, 1.65 kg),Anti-Glare, 15.6-inch (39.6 cm), FHD, Intel Arc Graphics, FHD Camera, Backlit KB, fd1197TU","72,990",3.1
"HP 14 AI Laptop, Intel Core Ultra 7 155H, 12 Tops, 16GB DDR5, 512GB SSD (Win11, Office21, Silver, 1.4 kg) Anti-Glare FHD, 14-inch (35.6 cm) Intel Arc Graphics, FHD Camera w/Shutter, Backlit, gr1023TU","81,990",3.4
"Acer Nitro V Gaming Laptop 13th Gen Intel Core i5-13420H with RTX 4050 Graphics, (16GB DDR5/512GB SSD/Windows 11 Home/Wi-Fi 6),15.6""(39.6cms) FHD ANV15-51","80,210",4.1
"Apple 2024 MacBook Air 15″ Laptop with M3 chip: 38.91 cm (15.3″) Liquid Retina Display, 16GB Unified Memory, 256GB SSD Storage, Backlit Keyboard, 1080p FaceTime HD Camera, Touch ID- Space Grey","1,24,990",5.0
OneAssist 2 Years Total Protection Plan for Laptop Between INR 70001-80000 (E-Mail Delivery Only),"3,799",3.2
"STRIFF Mousepad Mouse Mat 230X190X2mm Mouse pad for Laptop Non-Slip Rubber Base, Waterproof Surface, Compatible with Laser and Optical Mice(Black)(Pack of 2)",129,4.3
Zebronics Zeb-Companion 107 USB Wireless Keyboard and Mouse Set with Nano Receiver (Black),579,3.4
"Dell KM3322W Wireless USB Keyboard and Mouse Combo, Anti-Fade & Spill-Resistant Keys, up to 36 Month Battery Life, 3Y Advance Exchange Warranty - Black","1,399",4.1
Amazon Basics 14-inches Laptop sleeve (Black),499,4.5
"Sounce 2.5"" SATA SSD Enclosure Transparent Case, USB 3.0 to SATA Tool-Free External Hard Disk Case with Fast Transfer Speed Up to 5 Gbps & Up to 4TB Storage Capacity Compatible with 2.5 SATA SSD / HDD",299,4.3
"ZEBRONICS Zeb-Comfort Wired USB Mouse, 3-Button, 1000 DPI Optical Sensor, Plug & Play, for Windows/Mac, Black",99,3.8
"Honeywell Newly Launched 4-in-1 Ultra Slim USB Hub 1xUSB 3.0 & 3 x USB 2.0 Ports, 30cms Cable, DataTransfer Speed Upto 5GBPS,Universally Compatible with All USB,PC,Speaker,Laptop,Hard Drive etc.",449,4.3
"Acer Aspire Lite 12th Gen Intel Core i5-12450H Thin and Light Laptop (Windows11Home/16GB RAM/512GB SSD/MSO) AL15-52H, 39.62cm (15.6"") IPS Full HD, Backlit Keyboard, Pure Silver, 1.7KG","50,990",3.9
"Primebook 4G, 2024(New, WiFi+4G) Android Based MediaTek MT8788 - (PrimeOS) 4G SIM Slot, Thin and Light Laptop (11.6 Inch, 1.065 Kg, Type C, USB, HDMI, MicroSD) (4GB/64GB eMMC Storage, Black)","13,990",4.4
"HUMBLE Mini Portable Laptop Stand,Invisible Computer Stand |Ergonomic Foldable Aluminum Anti-Slip Portable Tabletop Laptop/Keyboard Riser Holder Compatible with All Laptop/Keyboard (2Pcs)-Random Color",263,4.1
Portronics My Buddy K7 Portable Laptop Stand | Ventilated Board for Laptop Cooling | Compatible with Upto 17’’ Laptops | Multiple Adjustable Angles | Carbon Steel Body | Posture Support(Grey),799,4.0
"Amazon Basics Laptop Sleeve Case Cover Pouch for 15-Inch, 15.6-Inch Laptop for Men & Women | Slim Profile Neoprene, Soft Puffy Fabric Lining, 360° Protection, Smooth & Premium Zipper (Black)",512,4.4
"Ambrane 65W Charger Adapter, 3 Ports - 2 Type C & 1 USB for Samsung, Type C Laptops: MacBook, Dell, HP, ASUS, Fast Charger with PD Technology & GaN Technology for All Devices (RAAP G65, Black)","2,299",4.2
"Cosmic Byte Wind RGB Laptop Cooling Pad, Dual 120mm RGB Fans, Elevated Height, Laptop Holder, Supports up to 15.6"" Laptops (Black)",599,3.9
"Amazon Basics Laptop Bag Sleeve Case Cover Pouch for Men & Women | 15.6 Inch Laptop/MacBook, Office/College Laptop Bag | Side Handle | Multiple Pockets | Water Repellent | Shock Absorber (Grey)",329,4.1
HP F6V97AA#ACJ External USB DVD-RW Drive,"2,500",4.4
"STRIFF Mpad Mouse Mat 230X190X3mm Gaming Mouse Pad, Non-Slip Rubber Base, Waterproof Surface, Premium-Textured, Compatible with Laser and Optical Mice(Universe Black)",99,4.4
"Apple 2024 MacBook Air (13-inch, Apple M3 chip with 8‑core CPU and 8‑core GPU, 16GB Unified Memory, 256GB) - Midnight","1,09,990",4.5
"HP 14 AI Laptop, Intel Core Ultra 5 125H,12 Tops,16GB DDR5, 512GB SSD, (Win 11, Silver, 1.4 kg) Anti-Glare,14-inch (35.6 cm), FHD, Intel Arc Graphics, FHD Camera, Backlit KB, gr1022TU","67,490",3.1
"HP 15s,12th Gen Intel Core i3-1215U, 8GB DDR4, 256GB SSD, Anti-Glare, Micro-Edge, 15.6-inch(39.6cm) FHD Laptop, Intel UHD Graphics, Full-Size KB (Win 11, Office 21, Silver, 1.69kg) fy5010tu","31,990",4.1
"Acer Aspire Lite 13th Gen Intel Core i3-1305U Thin and Light Premium Laptop (Windows 11 Home/16 GB RAM/512GB SSD/36 WHR) AL15-53 with 39.62cm (15.6"") Full HD, Metal Body, Steel Gray, 1.59 KG","34,990",3.8
"TP-LINK WiFi Dongle 300 Mbps Mini Wireless Network USB Wi-Fi Adapter for PC Desktop Laptop(Supports Windows 11/10/8.1/8/7/XP, Mac OS 10.9-10.15 and Linux, WPS, Soft AP Mode, USB 2.0) (TL-WN823N),Black",599,4.1
"Tabelito Hybrid Polyester Foam, Nylon Laptop Bag Sleeve Case Cover Pouch for laptops (Black, 15.6 Inches/39.6Cm)",323,4.1
"ZEBRONICS Zeb-Fame 5watts 2.0 Multi Media Speakers with AUX, USB and Volume Control (Black)",399,4.0
"Lenovo 65W USB Slim Tip Rectangular pin Laptop Adapter/Charger with Power Cord for Select Models of Lenovo Laptops (888015000, Black)","1,099",4.2
"Portronics Key2 Combo Wireless Keyboard and Mouse Set, with 2.4 GHz USB Receiver, Silent Keystrokes, 1200 DPI Optical Tracking, Compact Design, Multimedia Keys for PC, Laptop & USB Supported Devices (Grey)",958,3.9
"Honeywell Newly Launched 7-in-1 TypeC Docking Station with 4K HDMI,1xUSB 3.0,2xUSB 2.0 & TypeC 3.0 PD Charging 100W Port, SD & Micro SD Slot, for All Type C Devices- MacBook Laptop, PC, Thunderbolt 3","2,199",4.3
"ZEBRONICS K24 USB Keyboard with Long Life 8 Million Keystrokes, Silent & Comfortable Use, Slim Design, Retractable Stand, 1.3 Meter Textured Cable, Chiclet Keys and Uv Coated Keycaps",349,3.7
"Sounce Mouse Pad with Superior Micro-Weave Cloth, Extended Desk Mousepad with Stitched Edges, Non-Slip Base, Water Resist Keyboard Pad for Gamer, Office & Home - 250mm x 210mm x 2mm",99,4.2
"Apple 2024 MacBook Pro Laptop with M4 chip with 10‑core CPU and 10‑core GPU: Built for Apple Intelligence, (14.2″) Liquid Retina XDR Display, 14GB Unified Memory, 1TB SSD Storage; Space Black","2,01,990",5.0
"Acer Nitro V Gaming Laptop 13th Gen Intel Core i5-13420H with RTX 4050 Graphics 6GB VRAM, 144Hz Display (16GB DDR5/1TB SSD/Windows 11 Home/Wi-Fi 6),15.6""(39.6cms) FHD ANV15-51","83,990",4.1
"boAt Bassheads 900 Pro Wired Headphones with 40Mm Drivers, Lightweight Foldable Design, Over Ear, Remote Control, Unidirectional Retractable Mic, Adjustable Headband & USB Type-A Compatibility(Black)",898,4.2
ZORBES® Laptop Holder for Desk with Silicone to Protect Notebook Vertical Laptop Stand Holder with Sizes Adjustable Dual Slots Laptop Dock for iPad MacBook Stand 13 Inch Phone Stand Organizer Rack,889,4.4
"MOCA Compatible 360 Protective Laptop Sleeve Hand Bag for 15.4/16 inch MacBook Pro 16 inch A2141 2019-2020, XPS 15, Surface Book 2/3 Laptop Sleeves Sleeve Hand Bag","1,169",4.3
"Logitech M331 Silent Plus Wireless Mouse, 2.4GHz with USB Nano Receiver, 1000 DPI Optical Tracking, 3 Buttons, 24 Month Life Battery, PC/Mac/Laptop - Black","1,145",4.4
Hercules Dg400Bb Laptop Stand With Bag Floor Stand,"6,300",4.6
"Cosmic Byte Cyclone RGB Laptop Cooling Pad with 5 Fan, Adjustable Speed, USB Hub (Black/Blue)","2,199",4.1
BigPlayer Unisex's Travel Outdoor Bag (Multicolor),489,5.0
"Lenovo 130 Wireless Compact Mouse, 1K DPI Optical sensor, 2.4GHz Wireless NanoUSB, 10m range, 3button(left,right,scroll) upto 3M left/right clicks, 10 month battery, Ambidextrous, Ergonomic GY51C12380",658,4.3
"Apple 2024 MacBook Air 13″ Laptop with M3 chip: 34.46 cm (13.6″) Liquid Retina Display, 16GB Unified Memory, 512GB SSD Storage, Backlit Keyboard, 1080p FaceTime HD Camera, Touch ID- Space Grey","1,34,900",4.6
"Acer Aspire 3 Laptop Intel Core Celeron N4500 Processor Laptop (8 GB LPDDR4X SDRAM/256 GB SSD/Win11 Home/38 WHR/HD Webcam) A325-45 with 39.63 cm (15.6"") HD Display, Pure Silver, 1.5 KG","22,990",3.3
"Apple 2024 MacBook Air 13″ Laptop with M3 chip: 34.46 cm (13.6″) Liquid Retina Display, 16GB Unified Memory, 512GB SSD Storage, Backlit Keyboard, 1080p FaceTime HD Camera, Touch ID- Silver","1,34,900",4.6
"Amkette Ergo View Extra Strong Metal Foldable Laptop Stand, Dual Hinge Design with Revited Joints, 7 Adjustable Levels, Anti Slip Silicone Grips, for laptops Upto 39..62 cm (15.6 Inches) (Grey)",449,4.4
Logitech H111 Wired On Ear Headphones With Mic Black,658,3.9
"Logitech M235 Wireless Mouse, 1000 DPI Optical Tracking, 12 Month Life Battery, Compatible with Windows, Mac, Chromebook/PC/Laptop",599,4.4
"Tukzer (Imported) Foldable Laptop Stand Riser for Laptop, MacBook, Notebook & Tablets up to 17 Inch, 6 Level Height Angle Adjustment, 2X Stronger M-Shape Aluminum Silicone Pads Air Ventilation (Grey)",549,4.1
"Logitech MK215 Wireless Keyboard and Mouse Set, 2.4 GHz Wireless, USB Compact Design, (Keyboard),5 Month Battery Life(Mouse) PC/Laptop- Black","1,188",4.1
"AirCase Gizga Essentials Universal Silicone Keyboard Protector Skin for 15.6 Inch Laptop |Keyboard Dust Cover | 15.6"" Keyguard (36.5 X 13.5 Cm)",149,3.5
"Amkette Ergo View Extra Strong Metal Foldable Laptop Stand, Dual Hinge Design with Revited Joints, 7 Adjustable Levels, Anti Slip Silicone Grips, for laptops Upto 39.62 cm (15.6 Inches) (Silver)",449,4.4
"Dyazo Laptop Tabletop Stand, Foldable & Portable for Desk Compatible for Dell, Lenovo, MacBook Air Pro, HP and Other 11""(27cm) 13.3""(33cm), 15""(33cm), 15.6""(33cm) Laptops & Tablets (Black)",249,4.1
"Lenovo Yoga Slim 7 Aura Edition Intel Evo Core Ultra 7 258V (32GB RAM/1TB SSD/15(38.86cm)/Copilot+ PC/Windows 11/Office Home 2024/Grey/1.53Kg), 83HM004NIN AI Laptop","1,47,990",5.0
"FOLINHAM 14.1 Inch Laptop PC, 8GB RAM 512GB SSD Windows 11 Pro Notebook Computer, FHD 1920x1080 Display, Celeron Processor Up to 2.8GHz, USB 3.0, Type-C, Mini-HDMI, 2.4/5G WiFi, BT4.2, 7.6V/5000mAh","22,999",4.5
"GadgetBite Felt Matting Laptop Sleeve Case Cover with Hidden Magnet Compatible for MacBook Air & Pro M1/M2, 13 Inches All Laptops, Easy to Carry, Documents Carry, & Prevents Scratches(Grey)",279,4.2
"Dyazo Tabletop Foldable Laptop Stand Portable Notebook Riser Ventilation for Desk Compatible for All MacBook Laptops and Tablets 11.6(29.4cm), 13.3(33.3cm), 15(38cm), 15.6-inches (39.6cm)(White)",249,4.1
"MegaStro® Laptop Stand for Desk with 7 Adjustable Angles, Aluminum Ergonomic Foldable Portable Compatible with All Brands 6-17.3 [with Pouch] [with Wire Protectors] (Metallic Grey)",649,4.4
Storite Educational Laptop Computer Toy with Mouse for Kids Above 3 Years - 20 Fun Activity Learning Machine | Dual Power Supply Source (USB Cable Variant),998,3.1
Bennett™ Mystic Formal Business Briefcase Bag Crossbody Messenger College Bags for Men Women MacBook INoteBook ITablet Laptop Upto 15.6 Inch | Handbags with Shoulder Straps (Blue) 6 Months Warranty,512,4.0
Craloft Polyester Laptop Sleeve Cover Bag 14 Inch with Charger Pouch for Dell/Hp/Asus/Lenovo/Acer (Grey_L26),469.,4.3
"Zebronics-NS1500 Laptop Stand Featuring Foldable Design, Anti-Slip Silicone Rubber Pads, Supports Maximum of 5kgs Weight Tabletop",299,3.7
"HP Laptop 255 G9 (2024), AMD Athlon Silver 3050U - (8GB/256GB SSD/AMD Radeon Graphics/Windows 11) Thin and Light Business Laptop/15.6"" (39.62cm)/Black/1.47 kg/MS Office 2021","23,400",3.5
"MSI Modern 15 H AI, Intel 1st Gen. Ultra 5 125H,Built-in AI, 40CM Laptop(16GB/512GB NVMe SSD/Windows 11 Home/MSO 2021/Intel Arc/Classic Black/1.9Kg), C1MG-049IN","54,990",2.9
"Apple 2024 MacBook Air 15″ Laptop with M3 chip: 38.91 cm (15.3″) Liquid Retina Display, 16GB Unified Memory, 512GB SSD Storage, Backlit Keyboard, 1080p FaceTime HD Camera, Touch ID- Silver","1,54,900",4.3
"Acer Aspire Lite 12th Gen Intel Core i3-1215U Premium Metal Laptop (8GB RAM/512GB SSD/Windows 11 Home) AL15-52, 39.62cm (15.6"") Full HD Display, Metal Body, Steel Gray, 1.59 Kg","30,999",3.9
"(Refurbished) HP EliteBook 820 G4 7th Gen Intel Core i5 Thin & Light HD Laptop (8 GB DDR4 RAM|256 GB SSD|12.5"" (31.8 cm) HD|Windows 11|MS Office|WiFi|Webcam|Intel HD Graphics)",NOT FOUND,NOT FOUND
"Lenovo 300 Wired Plug & Play USB Mouse, High Resolution 1600 DPI Optical Sensor, 3-Button Design with clickable Scroll Wheel, Ambidextrous, Ergonomic Mouse for Comfortable All-Day Grip (GX30M39704)",281,4.4
"Maxelon Power Cable & Original Thinkpad 65W Usb C Charger Fit For Lenovo Thinkpad T480 T480S T580 T580S E480 E485 E490 E490S E495 L480 L580 Yoga A485 T490S T590 C930 Adlx65Ydc2A Laptop Adapter, Black","1,349",4.1
Simmtronics 8GB DDR3L Laptop RAM 1600 MHz (PC 12800) with 3 Year Warranty,700,4.1
"amazon basics Pro Series 2.4G Wireless Ergonomic Mouse for PC, Mac, Laptop | Dual Modes | 3 Adjustable DPI Settings Up to 2400 | Shortcut Buttons | Connects up to 3 Devices (Black)","1,299",4.0
Amkette Ergo View Laptop Stand with 7 Adjustment Levels for laptops up to 39.62 cm (12 inch /13 inch /14.1 inch /15.6 inch) (Grey),599,4.4
"MegaStro® Laptop Stand for Desk with 7 Adjustable Angles, Aluminum Ergonomic Foldable Portable Compatible with All Brands 6-17.3 [with Pouch] [with Wire Protectors] (Metallic Silver)",649,4.4
"Lenovo Yoga Slim 7 Aura Edition Intel Evo Core Ultra 7 258V (32GB RAM/1TB SSD/15(38.86cm)/Copilot+ PC/Windows 11/Office Home 2024/Grey/1.53Kg), 83HM004NIN AI Laptop","1,47,990",5.0
"Acer Aspire Lite 12th Gen Intel Core i7-1255U Premium Metal Laptop (Windows 11 Home/16 GB RAM/512 GB SSD) AL15-52, 39.62cm (15.6"") Full HD Display, Metal Body, Steel Gray, 1.59 Kg","49,990",3.6
"Dell Genuine Original Laptop Adapter Charger 65w 19.5V 3.34A (New Pin 4.5 * 3.0mm) MGJN9 for Inspiron 11 3147, 3148, 3152, i3152, 3153, 3157, 3158, 316 (with 3 Pin Power Cable)","1,424",4.0
"Original Charger for HP Laptop Computer 65W 45W Smart Blue Tip Power Adapter, with VNJ Accessories Power Cord.","1,496",4.3
BigPlayer Unisex's Travel Outdoor Bag (Multicolor),NOT FOUND,NOT FOUND
"RAEGR RapidCool 900 Aluminium Laptop Cooling Pad | Two USB Port| with Multi-Angle Adjustment & Adjustable wind speed, Metal Support | Foldable Anti-Skid Baffle | Compatible with Laptops Upto 17-inches","1,199",3.8
"amazon basics Monitor Stand/Laptop Stand for Desk | Compatible with 24"",27"",29"" and 32"" Inch, Laptop, PC, and Printer | Height Adjustable | Durable Steel Construction",599,3.8
"Geonix Laptop RAM, 8 GB DDR3, Frequency-1600 Mhz, (8x2) IC, 204 Pin, 5 Years Warranty",556,3.8
"Portronics Mport 31C USB C Hub (4-in-1), Type C Multiport Adapter with 1 x USB 3.0 & 3 x USB 2.0 Ports, up to 5 Gbps High Speed Data Transfer for Laptop, MacBook, PC (Grey)",319,4.2
"Portronics Mport 31 USB Hub (4-in-1), Multiport Adapter with 1 x USB 3.0 & 3 x USB 2.0 Ports, up to 5 Gbps High Speed Data Transfer for Laptop/PC (Grey)",291,4.2
"Lenovo Thinkbook 16 AMD Ryzen 7 16"" WUXGA IPS Antiglare 300 NITS Thin and Light Laptop (16GB Ram/512GB SSD/Windows 11 Home/Fpr/Office 2021/Arctic Grey/1 Year Onsite/1.7 Kg), 21KKA0G1IN","54,990",4.2
"Lenovo ThinkPad E14 AMD Ryzen 5 7530U 14"" (35.56 cm) WUXGA IPS 300 Nits Thin and Light Laptop (16GB RAM/512GB SSD/Win 11/Office 2021/AMD Radeon Graphics/Backlit Keyboard/FPR/Black/1.41 kg), 21JRS00U00","50,390",3.8
"Arctic Fox Pureview Transparent Wireless and Bluetooth Rechargeable Mouse, USB Receiver,LED Battery Magic Silm for Office/PC/Mac/Laptop/Apple/ipad(Space Gray)",649,4.3
Dyazo 30 L Slim Business Laptop Backpack Casual Design Water Resistant Backpack for laptops for 15.6 inch laptop (Black),499,4.0
"Amazon Basics Laptop Bag Sleeve Case Cover Pouch for Men & Women | 15.6 Inch Laptop/MacBook, Office/College Laptop Bag | Side Handle | Multiple Pockets | Water Repellent | Shock Absorber (Black)",279,4.1
Portronics My Buddy K3 Portable Laptop Tabletop Stand I Foldable & Adjustable for Laptops Up to 15.6 Inches(Silver),"1,499",4.3
Lapcare DCX-A101 ChillMate Laptop Cooler (Black),649,4.1
"ASUS Vivobook 15, Intel Core i3-1215U, 15.6"" FHD 16:9 60Hz 250nits, (8GB RAM/512GB SSD/Intel UHD Graphics/Win 11 Home/Office 2021/Backlit/42WHr Battery/Cool Silver/1.7 Kg), X1504ZA-NJ320WS","35,990",3.7
"Lenovo V14 G3 (2024), Intel Core i5 12th Gen 1235U - (16GB/512GB SSD/Intel UHD Graphics/DOS) Thin and Light Business Laptop/14.0"" FHD Display/Iron Grey/1.57 kg","37,490",3.1
"Honeywell Newly Launched 4-in-1 Ultra Slim USB Hub 1xUSB 3.0 & 3 x USB 2.0 Ports, 30cms Cable, DataTransfer Speed Upto 5GBPS,Universally Compatible with All USB,PC,Speaker,Laptop,Hard Drive etc.",449,4.3
"Lenovo Yoga Slim 7 Aura Edition Intel Evo Core Ultra 7 258V (32GB RAM/1TB SSD/15(38.86cm)/Copilot+ PC/Windows 11/Office Home 2024/Grey/1.53Kg), 83HM004NIN AI Laptop","1,47,990",5.0
"FOLINHAM 14.1 Inch Laptop PC, 8GB RAM 512GB SSD Windows 11 Pro Notebook Computer, FHD 1920x1080 Display, Celeron Processor Up to 2.8GHz, USB 3.0, Type-C, Mini-HDMI, 2.4/5G WiFi, BT4.2, 7.6V/5000mAh","22,999",4.5
"Dell Inspiron 5430 Laptop, Intel Core i5-1335U Processor/ 8GB/ 512GB SSD/ 14.0"" (35.56cm) FHD+ Comfort View/Backlit KB/Windows 11+MSO'21/15 Month McAfee/Platinum Silver, Thunderbolt 4.0 Port,1.59kg","51,890",4.0
"Sounce 3 in 1 Cleaning Kit Set for Screen PC, Laptops, Monitors, Mobiles, LCD, LED, TV/Professional Quality/Prevents Static Electricity, 100ml with Micro Fiber Cloth and Brush",215,4.2
"MSI Thin 15, Intel Core i5-13420H, 40CM FHD 144Hz Gaming Laptop(16GB/512GB NVMe SSD/Windows 11 Home/NVIDIA GeForce RTX 2050,GDDR6 4GB /Cosmos Gray/1.86Kg), B13UCX-1807IN","58,100",4.2
"Lenovo M10 Hd 2Nd Gen Wi-Fi Connectivity (10 Inch, 2 Gb, 32 Gb) [Year-2020],Gray","6,690",3.6
"HP Laptop 250 G9 (2024), Intel Core i3 12th Gen 1215U - (16GB/512GB SSD/Intel Iris Xe Graphics/Windows 11 Pro) Thin and Light Business Laptop/15.6"" (39.62cm)/Silver/1.57 kg/MS Office 2021 Pro Plus","35,199",3.0
"Ambrane Laptop stand with Metal Body, Portable & foldable Design & Height Adjustable OverHeating Protection for Dell, Mac Book Air/Pro, Lenovo, Acer, Hp, Asus & Other Laptop & tablets (Workpad, Black)",399,4.1
BigPlayer Unisex's Travel Outdoor Bag (Multicolor),489,5.0
"Lenovo IdeaPad Slim 3 12th Gen Intel Core i5-12450H (16GB RAM/512GB SSD/FHD/14 (35.5cm)/Windows 11/Office Home 2024/Alexa Built-in/3 mon. Game Pass/Grey/1.37Kg), 83EQ0072IN Laptop","54,390",3.9
"Lenovo Yoga Slim 7 Aura Edition Intel Evo Core Ultra 7 258V (32GB RAM/1TB SSD/15(38.86cm)/Copilot+ PC/Windows 11/Office Home 2024/Grey/1.53Kg), 83HM004NIN AI Laptop","1,47,990",5.0
"FOLINHAM 14.1 Inch Laptop PC, 8GB RAM 512GB SSD Windows 11 Pro Notebook Computer, FHD 1920x1080 Display, Celeron Processor Up to 2.8GHz, USB 3.0, Type-C, Mini-HDMI, 2.4/5G WiFi, BT4.2, 7.6V/5000mAh","22,999",4.5
"Lenovo V15 AMD Ryzen 3 7320U 15.6"" (39.62cm) FHD 250 Nits Antiglare Thin and Light Laptop (8GB/512GB SSD/Windows 11/Arctic Grey/1.65 Kg), 82YU00W7IN","26,500",3.8
"HP 15s,12th Gen Intel Core i3-1215U, 8GB DDR4, 256GB SSD, Anti-Glare, Micro-Edge, 15.6-inch(39.6cm) FHD Laptop, Intel UHD Graphics, Full-Size KB (Win 11, Office 21, Silver, 1.69kg) fy5010tu","31,990",4.1
"STRIFF Laptop Cleaning kit, Laptop Cleaner, Screen Cleaner, Mobile Cleaning kit, Cleaning Kit for Camera, Lens, Binocular, Laptop, TV, Monitor, Smartphone, Tablet (Multi Functional)",99,4.0
"Florican Portable Invisible Laptop Riser Stand | Mini Aluminum Cooling Pad, Lightweight Laptop Desk Stand for MacBook, Lenovo, Dell, HP & Other Laptops (Cool Silver)",269,4.3
"GadgetBite Felt Matting Laptop Sleeve Case Cover with Hidden Magnet Compatible for MacBook Air & Pro M1/M2, 13 Inches All Laptops, Easy to Carry, Documents Carry, & Prevents Scratches(Grey)",279,4.2
"Amkette Ergo View Extra Strong Metal Foldable Laptop Stand, Dual Hinge Design with Revited Joints, 7 Adjustable Levels, Anti Slip Silicone Grips, for laptops Upto 39..62 cm (15.6 Inches) (Grey)",449,4.4
Microsoft New Surface Pro (11th Edition) - Windows 11 Home Copilot + PC - 13” OLED PixelSense Touchscreen - Qualcomm Snapdragon X Elite (12 Core) - 16GB RAM - 512GB SSD - Black - ZIA-00031,"1,61,990",5.0
"Dell Inspiron 3530 Thin & Light Laptop, 13th Gen Intel Core i3-1305U/8GB/512GB SSD/15.6"" (39.62cm) 120Hz Refresh Rate on a FHD IPS Display/Windows 11 + MSO'21+McAfee 15 Month/Carbon Black/1.62kg","38,490",3.7
"Acer Aspire Lite 13th Gen Intel Core i3-1305U Thin and Light Premium Laptop (Windows 11 Home/8 GB RAM/512GB SSD/36 WHR) AL15-53 with 39.62cm (15.6"") Full HD Display, Metal Body, Steel Gray, 1.59 KG","33,990",3.8
"FOLINHAM 15.6 inch Windows 11 Pro Laptop, 12GB LPDDR4 512GB SSD Notebook, 12th Gen Alder Lake-N100(Up to 3.4GHz), FHD(1920x1080) 16:9 IPS Laptops, 4K Video, 2.4G/5G WiFi, BT4.2, 7.6V/6500mAh","25,799",5.0
"Dyazo Laptop Tabletop Stand, Foldable & Portable for Desk Compatible for Dell, Lenovo, MacBook Air Pro, HP and Other 11""(27cm) 13.3""(33cm), 15""(33cm), 15.6""(33cm) Laptops & Tablets (Black)",249,4.1
"Microsoft New Surface Pro9 13"" Intel evo 12 Gen i5 / 8GB / 256GB Sapphire with Windows 11 Home, 365 Family 30-Day Trial & Xbox Game Pass Ultimate 30-Day Trial","99,990",3.8
"Portronics Bridge Y USB 3.0 to Type C OTG Adaptor, 10Gbps High Speed Data Transfer, Thunderbolt to USB Adapter, Compatible for All Type C Devices, Smartphone, Laptops, Tablets, Chargers, MacBook",109,4.3
"Amazon Basics Laptop Bag Sleeve Case Cover Pouch for Men & Women | 14.1 Inch Laptop/MacBook, Office/College Laptop Bag | Side Handle | Multiple Pockets | Water Repellent | Shock Absorber (Black)",319,4.1
"Sounce Mouse Pad with Superior Micro-Weave Cloth, Extended Desk Mousepad with Stitched Edges, Non-Slip Base, Water Resist Keyboard Pad for Gamer, Office & Home - 250mm x 210mm x 2mm",99,4.2
"Amazon Basics Laptop Bag Sleeve Case Cover Pouch for Men & Women | 15.6 Inch Laptop/MacBook, Office/College Laptop Bag | Side Handle | Multiple Pockets | Water Repellent | Shock Absorber (Grey)",329,4.1
"HP Victus, AMD Ryzen 5 5600H, NVIDIA RTX 3050, 16GB DDR4, 512GB SSD (Win11, Office21, Blue, 2.37kg) 144Hz, 9MS, IPS, 15.6-inch(39.6cm) Gaming Laptop, Backlit kb, Enhanced Cooling, fb0106AX/Fb0112AX","60,990",4.1
"MegaStro® Laptop Stand for Desk with 7 Adjustable Angles, Aluminum Ergonomic Foldable Portable Compatible with All Brands 6-17.3 [with Pouch] [with Wire Protectors] (Metallic Grey)",649,4.4
"Lenovo Yoga Slim 7 Aura Edition Intel Evo Core Ultra 7 258V (32GB RAM/1TB SSD/15(38.86cm)/Copilot+ PC/Windows 11/Office Home 2024/Grey/1.53Kg), 83HM004NIN AI Laptop","1,47,990",5.0
"Acer Aspire Lite 12th Gen Intel Core i7-1255U Premium Metal Laptop (Windows 11 Home/16 GB RAM/512 GB SSD) AL15-52, 39.62cm (15.6"") Full HD Display, Metal Body, Steel Gray, 1.59 Kg","49,990",3.6
Storite Educational Laptop Computer Toy with Mouse for Kids Above 3 Years - 20 Fun Activity Learning Machine | Dual Power Supply Source (USB Cable Variant),998,3.1
Bennett™ Mystic Formal Business Briefcase Bag Crossbody Messenger College Bags for Men Women MacBook INoteBook ITablet Laptop Upto 15.6 Inch | Handbags with Shoulder Straps (Blue) 6 Months Warranty,512,4.0
"FOLINHAM 14.1 Inch Laptop PC, 8GB RAM 512GB SSD Windows 11 Pro Notebook Computer, FHD 1920x1080 Display, Celeron Processor Up to 2.8GHz, USB 3.0, Type-C, Mini-HDMI, 2.4/5G WiFi, BT4.2, 7.6V/5000mAh","22,999",4.5
"FOLINHAM 15.6 inch Windows 11 Pro Laptop, 12GB LPDDR4 512GB SSD Notebook, 12th Gen Alder Lake-N100(Up to 3.4GHz), FHD(1920x1080) 16:9 IPS Laptops, 4K Video, 2.4G/5G WiFi, BT4.2, 7.6V/6500mAh","25,799",5.0
